13900000001,8ce413c6-df6f-4aa9-b2a7-e00c3ad5d959
13900000002,fb96ff68-db06-463e-97d5-e7c7200b7c8c
13900000003,805518c0-5fdd-4434-ad6e-de91bdec3940
13900000004,2412f97e-2068-4d01-a1e5-cefa70ebf66d
13900000005,4aac1809-fd98-48e0-9cf3-2919491550eb
13900000006,8c62d48e-4227-4d3f-b975-f7fa48055e58
13900000007,6b54507f-17ba-4857-8168-8dafb5717159
13900000008,3e7a67f5-bc23-413f-b518-11d6ffcb0ec9
13900000009,79ac33ac-4b60-4249-a5f7-399cc7de7455
13900000010,ffe41f7a-f9b8-480e-abb9-5a0af61e051c
13900000011,63230781-7eab-47cc-9a38-3d3b00bdc1f3
13900000012,d020f94e-f608-4cb0-806c-cfa3439ba4b5
13900000013,c28f137d-92ed-4029-ba83-f6ac1b013488
13900000014,f131129a-44b3-4ad4-8961-d835618fc1ca
13900000015,34477a20-5916-440c-90f6-5c8d40a70c49
13900000016,0e5c52a6-c4db-4842-ba06-39025f7d9104
13900000017,7355b9e7-cca5-44a9-9555-c39c24754e9f
13900000018,cf8a2dd5-90c3-46a1-bd31-2a2cd60fed8a
13900000019,acca1b3c-68e6-4a60-b8c6-148e987caba8
13900000020,a1529967-6dc0-4333-8902-d7f11d8668c5
13900000021,3a328768-454d-47ec-a017-c1a0f4590526
13900000022,d8b130d4-d19a-4b93-9838-59362f7f7f4b
13900000023,fcb58c47-572e-4016-a5c8-7282a14a6724
13900000024,015a30ff-b8b5-405e-89cb-b7a2b8e2274a
13900000025,d7d5fa9e-b387-43c1-9b4c-9bd0cc7cf44a
13900000026,038f7835-4604-4828-acaa-b1af33e1f1c9
13900000027,5f344840-87df-4e49-b973-d37cc94ab84c
13900000028,df92e0c0-fad8-43f2-88fa-1e7bffd06158
13900000029,82b8dd89-f0f1-46cd-b04d-b1a1ce79ecff
13900000030,96e221ba-0920-4fd6-94cd-dae2ccd9bd03
13900000031,80241959-957f-4043-9c24-0425a468cbf0
13900000032,3abd06f1-4c98-48dd-94fb-a9f2dc48f8b2
13900000033,6a285752-4820-4275-be7f-f6edd7196d1a
13900000034,5e66a44a-80cb-44e7-ae4e-3fd7a4b6dbb3
13900000035,0562e7df-1978-4c01-8c3f-b555e6fa58ab
13900000036,6825439e-7690-42a7-bc3c-a089fc831046
13900000037,120456df-61cd-4be8-adb0-90e00b5b25a8
13900000038,978e65ed-1453-46fe-a5a7-42d8f29a4d7f
13900000039,ac56d3ac-7e1d-4bef-a77d-68e571fcde7e
13900000040,e8432d54-06fa-4ac3-b3a6-1be3dc7b8b84
13900000041,cc79526f-60a0-44b2-927e-dcf7cdb575f2
13900000042,506271e6-ef45-4f1d-a103-45328df8f2a2
13900000043,d629d94a-d490-442b-a9b4-ba96ca79ac1c
13900000044,f9bc2a2a-4f0d-42dc-b0c1-67d8e4bcba91
13900000045,ab1c52fb-60ee-467d-a125-5e6dfa0b584c
13900000046,85111acb-ff3c-4081-8fcc-3c22c99235a3
13900000047,86b1eaa1-e9d4-4ce8-b799-d3f06306f249
13900000048,8817b53a-9944-49c6-ad38-02b1d8b732b7
13900000049,7eaeea7b-f598-40c5-a4e0-31ba381bf2aa
13900000050,b13e8bf0-3b68-48f1-a06e-2d8c156a9bb6
13900000051,c2d41403-75fc-48af-bdca-bc52d840e35b
13900000052,3d710941-e8af-4521-8751-ec9e038ab4ca
13900000053,680d9a71-3514-4b96-ad15-2ffbfd815c04
13900000054,714fcee7-e70c-4341-aad8-704b8a5e2755
13900000055,2cc9c0c9-ede0-42c3-9d80-57c65584cc66
13900000056,bf3f6df5-6c0a-46c9-b365-d63d63b99985
13900000057,20c87c67-898d-4ec1-a941-a8b5189e4c2b
13900000058,fcdd37b7-9159-4c83-8071-fe6838b27536
13900000059,eb4732a9-e235-4198-bb62-02ebf79c04ab
13900000060,c66e2fca-3864-437f-8047-edfecfcbe1ba
13900000061,7532e235-650c-49e6-afe1-5f5985ef9b53
13900000062,2843cfae-773c-4040-b590-52abbc9b226f
13900000063,74ebd1e6-5dd6-4f93-a343-b1f92597e445
13900000064,a578fd78-f973-4c1b-8389-f195a177f1de
13900000065,79019f9f-5dd7-4234-9e15-d49edec9e4e0
13900000066,9552938e-50b9-4172-ad45-978e22bc3142
13900000067,ac88dc96-fe58-4ccc-b052-6d03671d73b4
13900000068,f8ce71cd-a600-4c9a-9c49-050b88e2ca39
13900000069,1d62b4c4-2114-4969-a441-e6de48b32993
13900000070,f4f39dbb-d74e-4761-9493-a6121fa3893d
13900000071,24489ed9-44b8-4880-aab5-751293f76dc0
13900000072,43f7bee8-fb0d-4697-838a-2803d017f8be
13900000073,f9dfc529-ca96-4b08-b9b9-e8b00e176f76
13900000074,8d8ca791-5298-4628-9f9b-e44fb4d3bc28
13900000075,675d9212-abef-41ee-bb7c-fd504b294f30
13900000076,0776d238-c646-4f6b-871e-b7eb32faefbb
13900000077,efc7ae4d-285f-4d40-a330-508fb4e89f4c
13900000078,42a38773-6c8e-4121-b21a-b57c442cc497
13900000079,e9b24f2b-78a9-4d75-8ddc-ad18a31d630e
13900000080,d28c2c71-e15f-4e1d-89b7-c8d20fc96b33
13900000081,f9963c11-713e-42d6-8920-2b0c6318305f
13900000082,10241a05-894c-48d2-a87b-d3450d594d8f
13900000083,ea588a88-d497-434e-a8f4-950d084b458b
13900000084,de99e292-0aa7-4718-8f5c-009c48be4b69
13900000085,41a70580-bb56-4319-820f-602b0ea83139
13900000086,88c5afe9-273d-4f6f-9912-5283019bfac5
13900000087,394cc272-84ad-49eb-b08f-2c9fcb20b2ea
13900000088,6d64d0dc-9da0-4a8f-a138-fc1195db3bbb
13900000089,6065b842-0f8b-42d1-b4d4-d0a81a203459
13900000090,f9920b4e-562e-439f-8488-0316964b6ec6
13900000091,10324c51-a0b9-42bb-beab-b2f8b28fa283
13900000092,ee34479a-7ad5-451e-8ba8-200861bedfe6
13900000093,9286af42-3041-4514-8ab0-f22ede8c66ce
13900000094,4d3f158e-4ab2-4cbd-8c2d-97251e4e9dc8
13900000095,6410e189-c8dc-4ce4-917a-1f6e37259e35
13900000096,085b1cf7-5d15-43f2-800b-aca651adcd9d
13900000097,2a86f25b-c629-401c-a481-be572213137a
13900000098,2263981f-6ae8-48a6-9d9b-64870414e3c9
13900000099,a37f73fa-3fb4-4d2c-a361-5076d68d1927
13900000100,81f41d76-8a43-4ee1-bbf3-4db0256ee0f5
13900000101,0553259a-a2fc-4d7b-903e-98907aa494e1
13900000102,b39ba1a6-6e37-4343-9ec8-8de32aaf3dbc
13900000103,3d413a1b-c046-43c8-8af3-54e3a55c14dc
13900000104,60cbb7c7-c1fd-48f1-ae99-fe78d3a30655
13900000105,1572ae73-58ed-488d-9c3b-88bc0a703710
13900000106,56dca42b-4d1c-47b2-9613-7f9b387d4b26
13900000107,0ed64021-e5ce-40ed-9aa2-51ff200dc745
13900000108,1b34535e-b127-4872-827b-189c63dbbd68
13900000109,e8341c2c-6c2f-4bf7-a5af-dc47b3039994
13900000110,db6aa5c6-fc31-4bca-9bb4-9baa57503864
13900000111,a531aba7-0444-44a4-932a-f2a6cff31933
13900000112,40865562-dc07-4da5-99fb-bf85a5141255
13900000113,fb345883-5ed4-462f-a68c-067f186c4da3
13900000114,b6bc0168-62f6-4540-9aa9-1d9b90b0b35c
13900000115,899c3a1d-8e60-4335-830e-72dbf04119f0
13900000116,db553b85-6cde-4949-96ac-868bc4a0a323
13900000117,e7e8d839-2be0-48ea-a0e0-c017923911f0
13900000118,e983946c-4538-49ec-8411-db69a323d2c2
13900000119,e7d6c29f-eb79-4395-a629-e0638cdf0712
13900000120,cc18cfc1-9c3a-4ccd-ae1b-1bd6dbfd1fb5
13900000121,c1329096-f7f1-40b2-822e-c26da02be3cf
13900000122,cb3133b8-88c8-4ce5-b04e-db06ec72c29d
13900000123,fa62824a-1369-4cfa-81af-db3112740430
13900000124,3b840271-6635-479e-885d-0c7955ce626a
13900000125,3d46d870-0b0e-4698-8d5c-ca9a89154b29
13900000126,3d6cccf5-3bad-428c-88fc-707b09512b16
13900000127,daee44ff-a3dd-464f-b53a-ada06840f127
13900000128,ba975913-245b-44e6-bb16-71ad839af7fe
13900000129,c0bbcd67-17b7-4815-8a9c-7a96a12c1405
13900000130,49e649b6-4bac-4935-91bc-9c21bd32f197
13900000131,58c04531-3c17-436b-a358-778ffa653fa4
13900000132,d69238ff-669d-4b8e-a86f-89b0894dd89c
13900000133,ff56045d-3d85-4bbf-83a3-aed01b0d0e7b
13900000134,8ea58c4e-3b3a-45e9-917c-91f4c612f982
13900000135,1e7d58ac-b330-47db-962f-af8982a2b699
13900000136,84dbc6a1-0aff-4a20-8f21-05590769afeb
13900000137,35cd2555-9c89-4410-b501-0d31b880d1a7
13900000138,cb23ff54-c9b8-49c6-9a1d-2e7207e703ca
13900000139,d4f1eadf-31cc-4f77-b3f1-e52b58992d9c
13900000140,0eb13d8d-dedf-4d92-92f9-d6a8e0e0da83
13900000141,3c2b3bb0-8760-44d8-8e86-8990b0ac78a9
13900000142,1ed5b78c-970f-4116-9e27-2c35c0cb468f
13900000143,72e5a6ab-0b2f-4056-b388-8a531a67cb65
13900000144,9f241785-7ff0-4804-9f40-d9771043a5d5
13900000145,97b2d672-4ad6-4df5-99dd-34ea6eab6565
13900000146,cf418145-903b-4a0c-9100-5f72d3ecbc87
13900000147,eaac9b85-0cea-4c2d-a810-927f8a4c7de0
13900000148,bd09e922-54ce-4e8e-a5cb-abc93785294a
13900000149,25580cb7-f49e-4117-8436-6de0a38066e7
13900000150,c40fa489-5918-40f7-8f20-e791026682cb
13900000151,73a6a425-f485-438a-b334-d443ccde6534
13900000152,827582c8-8b9e-452d-acbe-cac98b9711f2
13900000153,6454ed19-72e8-4c6c-be67-0c575f4dee1b
13900000154,6ef6ed56-e615-4e37-8b6e-ceb88141fd19
13900000155,8392e7a2-e3fb-4c6d-92fa-5925f4347bb2
13900000156,5c7da6b0-0558-42f3-b754-7e138c709f1f
13900000157,09cd7001-6882-4232-91c3-7da4bd0174c5
13900000158,e344c273-eb39-4731-b9a9-0f8abbbcb105
13900000159,bc23691b-d3a2-4527-9424-03615e361749
13900000160,3b2715c7-7210-4e7e-ac97-3887420c5fe9
13900000161,ec429bb9-054b-4480-942b-89030f125e58
13900000162,fb874a8f-9f34-4412-b0b2-2313a1f8ad24
13900000163,f74b5feb-95d0-4839-9e6a-758e405eef0f
13900000164,dbdc4f48-ebdb-4680-94ca-ba0aeaa24a27
13900000165,5ca23d56-21c7-4a05-beb9-6c1959a37bb2
13900000166,9136de0c-f877-4d07-b0dd-0840a6b1730d
13900000167,6001af8e-612e-435a-97f5-d7a8872d2192
13900000168,fcce475d-3b76-4779-9259-69945577dc18
13900000169,8a5446ff-a404-491f-a9a0-f8b483a9fa91
13900000170,be0fcf15-d9d3-4cf5-bd92-de70efa4c696
13900000171,d765e92f-4bac-4472-8d39-3ea1931ef87e
13900000172,d0a5b55b-610c-4cf0-9f41-3f37f714745a
13900000173,903174d2-0739-42d3-ad79-369c4a0c80ca
13900000174,d5e54e4f-21fc-492d-bf62-21865aad56a4
13900000175,1151fd45-b1b1-4a22-9524-8ad9cc39bf82
13900000176,6eceecca-a2d6-4012-be3a-a88d39ff4db3
13900000177,330fd385-dc23-4acb-af81-c0d56749165e
13900000178,ed9987a5-cfa1-4023-8847-6bd889331f25
13900000179,9e0a8652-f841-4dc1-883d-dc26c1651e3e
13900000180,fc8bbea9-5a9d-4264-aad1-01cf7b2bd64d
13900000181,3cc27895-5615-4a0f-9eca-2d610121ad02
13900000182,2f043909-d49f-4814-99cc-8cd5776060ea
13900000183,5a6a7e9c-49b0-4529-9ae5-2327a40b5088
13900000184,36d27118-5168-4944-a5f3-938a7819b80f
13900000185,5466576d-0351-4029-9e81-a6fa91726307
13900000186,578079ce-700b-456b-9cee-231e2c1bfa94
13900000187,c8b15041-7efd-45ee-9201-e875102551e7
13900000188,3d091d34-ea23-443c-84c0-3cf8afdef56c
13900000189,6a2c1bf3-e6ef-498d-a639-4862c5e6fa97
13900000190,69f143e7-4891-4ebe-a2cf-02221f43fbdf
13900000191,fb930b84-02e9-4286-8895-24a7d8134319
13900000192,8c1bf7d1-6a93-492e-957f-9a4871ce972b
13900000193,bb254977-19f0-44ee-a05c-f6d7e8ab3c5d
13900000194,6fcc86e0-4815-462d-a7c4-06d4332347f2
13900000195,3c65e9fb-2a6b-44ba-b1e8-ec803040dba6
13900000196,7d8a2a5d-2d8a-4ebf-9a29-c62eae8206d2
13900000197,b07b3055-8ef4-4dca-8c36-73d56155a598
13900000198,39cb60ae-5180-401b-9add-542ac5f95193
13900000199,eb915b1a-424d-4ac2-98ef-12cad9e3fd14
13900000200,31299d4c-c2e7-406f-a3ec-8f772cc00829
13900000201,eeb6ccc4-af2a-4bb1-b2b9-a3ea58cbab4e
13900000202,cc81ea36-2263-458c-b775-904e51defd60
13900000203,5de45632-7206-4283-8604-bbefbd2166f0
13900000204,f2930b72-4acd-448b-ad33-bec077df8461
13900000205,4957fb7b-b590-4867-937b-f282d0ec060e
13900000206,995cbb11-261e-4a27-9c87-3b504b3b152f
13900000207,91b2d809-6529-47a0-9030-6f8b1a3df68f
13900000208,a9a7b453-12ed-4606-9732-23905163e539
13900000209,c5e38515-b7df-4655-931d-f43224a1a288
13900000210,92544526-ac9a-4b73-862d-f6b31629e923
13900000211,2cb3be49-a75c-4e4e-974e-eb1f3fb66ee9
13900000212,3bcdadd6-200e-49da-a8e6-a80e06ce993d
13900000213,c66886f4-778a-4c39-807a-caeeea1d0fe3
13900000214,dedd88f6-c20e-4835-a86a-4b73107b8f4d
13900000215,d512d108-66d3-450f-90f8-2b6127535f0f
13900000216,ae033a5a-9da6-4b50-a4ad-caf6521f5d72
13900000217,215e14c2-eea2-4199-a63e-de4f2f8ef1b7
13900000218,f2740c90-ce06-4526-aa31-ceedb9932cf9
13900000219,ef9cf349-265a-45ae-a50b-7bc9a0623afe
13900000220,6c92141c-2083-4303-84d8-35bbd5bfb218
13900000221,a33fc4f8-3705-4e73-b273-adfe65f4856f
13900000222,cabe875b-83b2-4efd-ab42-b5889d721857
13900000223,b61b72a9-b06d-43d5-b96b-afe73c66b684
13900000224,a5d02b49-c2b9-421f-9643-8f526cd6edde
13900000225,f2d4a191-7695-4a09-adfa-a1d591908cb6
13900000226,6ea1174b-7a5e-4824-86b4-06838c23b862
13900000227,9d9d4ab8-36b0-4c34-ac64-2e1bfb268a47
13900000228,1369b1d4-0c58-401a-8460-4ca7d4f40282
13900000229,3d56a902-90d7-4e79-af9c-7890060dbec8
13900000230,042a9794-a708-4341-aba3-1c2af1b1b051
13900000231,2c468cce-5f1f-400b-b685-5367d561b557
13900000232,9f30fade-a8a6-4949-bb3d-613c04cdae70
13900000233,2dab18d0-53a1-4406-9941-6b6aec2328c1
13900000234,b5cb95ae-9927-489e-a0f4-4fbb78a4537b
13900000235,d5a10acf-f568-4293-8794-6eb2711f55e6
13900000236,9c9e9c29-0bef-4d8c-bc9b-105998080549
13900000237,97a24d53-5a05-445b-ba67-bdf12a2d6e21
13900000238,dc5f9d23-f149-4dc5-8e39-70e2a742b8e0
13900000239,c65c6aef-6e82-4212-89b5-329c1b286677
13900000240,57ffda67-a5b5-4878-a206-cead3b223218
13900000241,bd2e3429-2a8b-4936-b94a-bba9d7b56321
13900000242,307381f0-e7a9-461b-b9f9-74f5c9635c84
13900000243,3d663c1b-2d2b-479c-8b04-2e474df641e8
13900000244,62ec930d-b598-4e2b-bd07-c3df6bf0acdd
13900000245,7357e851-a9d9-4e43-a4e1-d2c9e25392b0
13900000246,65f7d779-b900-4e84-8f91-18dcb6ab3804
13900000247,a503e553-4cc2-4578-bdf3-15f5c2dd898a
13900000248,a4d2dcbf-d944-4782-b977-7bacb3750ab8
13900000249,2a04fc98-ad89-47ab-82d4-4c8af49c6ca6
13900000250,93144d9a-f499-433e-8a91-cb75d52d0306
13900000251,9995bee9-fcab-46ce-a23e-4f6abefcfb2d
13900000252,35fa2740-1eeb-48df-af4c-33290c4e7612
13900000253,eca7376d-dbdd-41e9-b0b6-c745edeed3c1
13900000254,9b6a2a29-7f45-4acc-b39d-8180df078216
13900000255,399a0405-0910-4a55-b977-baef5db330d6
13900000256,b0a2aa80-83b7-49e6-a3d2-23abb9dac15b
13900000257,33019075-f6b0-45ad-9b32-24b64cc5e6ee
13900000258,d447b72e-b4fe-4849-b004-97ee5a416d97
13900000259,a1921cb9-08ee-4f90-a61f-37f8a62276cd
13900000260,a34541c3-f1b3-44c8-b392-a08df66dcadc
13900000261,94e12078-ac47-4b78-b290-5ed03d0711ba
13900000262,8f55d0af-21d8-4d88-aad8-ecd60bd97e63
13900000263,93d1e7a4-6625-48a7-9f2f-e571a1559126
13900000264,84f565e5-e30c-41b3-9aa6-e93ecd8702f8
13900000265,a2888404-dea2-4f16-bb75-a0d469e94156
13900000266,af9e02de-ebc7-4732-95ae-11ee773a1d9d
13900000267,9c48316b-c548-4ac6-bd2c-989d16815896
13900000268,8dd032ac-94d4-4b41-83a5-68cf33fa641f
13900000269,cd58cc04-bd66-46e4-8dbb-1e841e5554c5
13900000270,b6f06138-d4bf-4468-9f19-e0e190f1b99f
13900000271,e2b5b000-7bf3-4667-9e6d-1e32d8022429
13900000272,00d90ead-f2a6-4205-9870-70f31be582ea
13900000273,c264baa1-9dbd-4cd8-a85e-5ccdaa5e781e
13900000274,c6290670-7e64-4ebf-85ef-653d03a5f2a8
13900000275,a2d568c3-065d-4c1b-b11f-b5bcf7e66d44
13900000276,93bdbf2c-1e16-40c1-90e7-11f63f1b43dd
13900000277,5bdb30e6-10cd-4912-b0c3-86f56771a813
13900000278,ee31094d-3fb2-415f-9acc-22b4067c4665
13900000279,697a2784-0c15-4bce-b47a-4fe10f99fbf1
13900000280,b8553294-6160-4817-ad82-712b87aed5a8
13900000281,c1ad8daf-87a5-43fc-9405-9c467d996096
13900000282,b3434437-00ba-4229-81e5-72615d0a5bdf
13900000283,9716b6f4-39a1-45e8-9cc6-7130ee829e6e
13900000284,42a8e3dd-1d8b-4058-a348-8027c530496b
13900000285,d452fdf5-aabc-4108-b18e-b474d5db1c2f
13900000286,b1c082a8-95ac-4347-85e0-2e7d511587ff
13900000287,45e989e0-c5b9-42a1-a285-b1f5ef8c98a8
13900000288,524b0ea6-11d3-464e-8e8a-f643d1904f79
13900000289,3f71611d-12c9-4d8a-9d83-4b21eae6ccba
13900000290,c810d950-e975-4964-9019-5075c31c8c5f
13900000291,75e9f08e-f145-4c61-97ec-0f5891b7c0d2
13900000292,49a93dbf-8e60-4fcb-abbd-80ad6452eaff
13900000293,12461422-3057-452b-bd2a-6d05675f90f2
13900000294,62473227-e785-4b44-a292-2d29b4cb97bd
13900000295,e8eed032-7d17-4224-9d16-ff21420e9bad
13900000296,dfe61a5a-37ee-47ce-88d4-b764478e8bb6
13900000297,805d6493-69f0-4b7f-bd65-33aea2f4d6aa
13900000298,952d0665-b6ca-4210-ada5-c1f78cc62ea8
13900000299,9303fb8e-af6a-4103-b92f-ea6c4837d831
13900000300,d8a6565c-618d-4ebe-a6dc-7e58e62148d2
13900000301,6e8445bb-ccd0-4c2a-8507-4ea4c5d818c9
13900000302,00858176-f08a-4d89-8010-c914f54db669
13900000303,18e25348-8624-4616-8227-94faa77d892f
13900000304,30674eb0-5791-49f5-ae59-dcea8b7264ac
13900000305,92eb0713-559d-4897-85a1-f6605c96c5db
13900000306,e6624025-ad11-49d8-8ea9-67c1243e89fa
13900000307,674aaafe-6b75-464e-9761-a023b1d824a8
13900000308,393bef41-b49a-4726-a935-262604b87a99
13900000309,70facb81-616b-45fa-87a1-62e6e92cb580
13900000310,e6840cd0-ba58-4805-84f2-299ffa09194e
13900000311,d2958904-ec2d-456b-a7d3-9946296bc1b4
13900000312,a13eef1e-2e2b-42f6-916a-083e28f640cd
13900000313,29ea160b-94ba-4f2a-b8a1-5d9f42911369
13900000314,6b9a812f-2cb0-47a7-a8f3-a46f4dc667f7
13900000315,bdb6b5d2-0e2c-477e-8250-286bfaa41f48
13900000316,d3d2c10c-f543-402a-8bbb-fdbb5432b6e9
13900000317,6d84b218-39e4-40f8-9dd4-f717c76cac43
13900000318,476d245a-eeda-4cfa-ac89-32df7c902f5f
13900000319,4f9df57c-a77b-482b-96e3-6328e4cca3f8
13900000320,0c0eb75e-c4a2-4f29-881b-a6fbc1b807f0
13900000321,889854e7-738e-4bf7-ae87-8a331fba31af
13900000322,8d63fbd7-d396-4616-8c42-dff2245250df
13900000323,dafbf492-8756-4210-a941-991aca43b856
13900000324,24de2207-b581-4d84-8299-68f8df7b5cda
13900000325,85626bc0-e81c-47f6-bc3a-cb35a495a0aa
13900000326,fb418317-8103-48fa-9dec-fd05beabf1d5
13900000327,29723608-205b-455b-ad01-76f6ad88fb31
13900000328,d1dfa7c3-db01-4ec9-8b71-13d0c6e5eb44
13900000329,be5dc37c-b0fa-499b-bf39-0a22dde0640b
13900000330,74ce0114-63db-4383-817d-7d336d18aea0
13900000331,7e9abd8f-a802-4047-b3cb-ca23abdaec37
13900000332,500dcc1a-f2fb-459c-9212-be548da4b313
13900000333,6096d4a8-8085-40fd-a911-105460f3dee5
13900000334,457d3bf4-25a6-4f20-809f-6ea74f25e0b9
13900000335,9c957207-6efb-427d-ab56-282dbeb1929b
13900000336,6f9d4d74-5e67-4a5d-a615-8d67b4516d65
13900000337,e1207cd1-075a-4f13-9e04-963989c86f35
13900000338,23feccd8-7c73-41be-9cdc-536de4446fdd
13900000339,e1591149-124c-4ae9-ada5-3de474725f83
13900000340,d9a97a88-c390-4bb5-8629-7e2b6d64edbc
13900000341,c976a9eb-cab4-46e7-8ea2-151650fabaec
13900000342,76402dec-6920-4350-8169-b6d6b36e2741
13900000343,91b77977-37a3-4e22-8bf7-a3779c24befa
13900000344,9681385a-bdb5-47cc-a54f-199e71000c5b
13900000345,47321e11-2388-492b-a5b7-46f822e5fd62
13900000346,c719235a-45db-40a4-b543-2b51c5094c06
13900000347,7e0621e9-b39f-4717-ab51-97d307b3f14f
13900000348,49ecb6cf-bd46-4659-b64b-f159328c4af9
13900000349,0cb327b8-bafc-4891-a91c-d7ff0982cc8b
13900000350,5848e302-382d-4b67-9ffd-5566964643fd
13900000351,f2727193-b201-469e-84ea-ad63fffb5522
13900000352,70721e4a-0b27-472f-9d5a-d5a77733ea5a
13900000353,97ff2cf7-c7fb-4642-8923-f07c0b6481bb
13900000354,bf410d08-ccb0-4a7d-9bad-49f1c6bdd71e
13900000355,13f0caed-59f1-4701-ac86-d74fab73660a
13900000356,7d33b901-c49e-4904-ac6e-b80c23aaad81
13900000357,734d696a-1cff-41a5-894c-4edf23422e7e
13900000358,a433b53e-2713-4c17-a2b3-7f9a3635ea7d
13900000359,4b8e36fd-f93a-4f7b-95e0-32e72c4acb6f
13900000360,f00442ea-0843-47ed-acdc-37cdf6b689b4
13900000361,efacb3bd-28aa-4722-ab20-5df774cad83f
13900000362,16cfd107-5fcc-48cb-9296-5ac3f504dc66
13900000363,8a05eead-4a93-4905-99c5-cba8bad17aab
13900000364,4f602516-61cc-47ea-9551-bfd977fee560
13900000365,b8119aaf-4349-4bd8-8f17-13c91e58d2b4
13900000366,345bd27d-6a1f-46ce-979f-4bfbf6ebcadc
13900000367,3ddf28f2-a653-45d8-85b7-648b405aeee9
13900000368,a0be7e4b-3e3d-4e46-b87f-e64a26a9155c
13900000369,e381153f-75e3-40a0-871d-4bc359324fb9
13900000370,9d9196c8-f5f1-4627-ae42-4e872fb56cee
13900000371,6a855ac5-cd18-466e-9baf-16c67b3344d8
13900000372,6fc47c42-08b0-4b11-93a9-0efcf2797e34
13900000373,4c328688-8706-4156-a0b1-f52e84eab60c
13900000374,eb2ab668-89dc-4e8d-9beb-1b70ba9099fd
13900000375,8e7f894c-a01c-4b06-90e2-50208d64812c
13900000376,13a45385-0ac2-4e37-bd9d-7fbf177bbbc9
13900000377,e71858bc-f586-4503-a769-b0a3fcc0cec8
13900000378,eaac12c9-ee20-41f4-bf7d-646e12b6d6c8
13900000379,e990dac2-5ad0-4c52-8dfe-3e42023a1087
13900000380,ec55309d-7a65-4ee2-b511-2b6df1564e58
13900000381,3a94cbc1-aa86-4bf6-929d-cdcf743c03f9
13900000382,97ac63b2-95d7-48d1-a743-17cce602dba1
13900000383,74064284-70d4-436a-85e8-43a1c844674f
13900000384,0b15c805-2468-4fa2-aa28-39fd983d787c
13900000385,565918e5-128d-4df7-a143-f9fbf8cbcde9
13900000386,804fb296-bfba-44b6-89c4-6d92d50e6af0
13900000387,526842f2-558b-4206-9b71-8d440ac8facf
13900000388,b16793a3-08b0-4f4d-b6da-e6d2e10431c7
13900000389,fe5f663c-d9aa-4319-b8ac-5360360c2f96
13900000390,0d26b258-73d8-4369-9f6d-4b740514e208
13900000391,c7b891be-1fb6-45bc-ae19-477945be0ef0
13900000392,4e9565bc-bd37-4521-947f-027348fe3694
13900000393,f89b2ceb-950a-41ea-8d2a-6d17a865cc48
13900000394,da34a949-9736-47dd-b2c0-6b8e0df4d2a7
13900000395,c6f203c7-d099-4b6c-b31f-da20e2848108
13900000396,7e42fc67-c254-4ad8-a83b-dcb5a7441428
13900000397,b31ada7d-74ff-44e9-a33f-1ad135def476
13900000398,c8af2e66-a73b-40f1-8ccc-f1723bb19f0f
13900000399,f0d19a46-c305-4e28-97bd-3bc889a8f9e6
13900000400,cba5b4ea-00cb-4b3b-967a-8e6762879d48
13900000401,047d1daf-53a9-4617-be78-658ca34cd16b
13900000402,13ff69d6-5308-4453-9eae-015c57eaf023
13900000403,272cf03e-5b03-4479-a5a3-8bac9266895d
13900000404,30837aac-7654-45d1-94e3-4b0f8a2cffbf
13900000405,24622a11-1ea1-43b9-b494-e79e9d9dfae0
13900000406,8a8256c4-f3d0-459f-9e0b-04fc98a683d7
13900000407,4f6ef3b1-38e5-4ece-9dd4-5ddd8bec4d3e
13900000408,850b004b-eb48-43c5-ad29-204a2816b249
13900000409,4ac72341-9b00-4c36-8973-cfea91b98229
13900000410,477e10d9-a222-440c-a6e9-9342ee569770
13900000411,2b41a1cd-fd69-41aa-a640-04d41cdad77a
13900000412,d1144355-1999-4de7-a876-e292496d0785
13900000413,f73b4315-4963-416a-af3c-46246f4a6b56
13900000414,de4b5c1b-4eb5-476a-bd6b-fc040b6928aa
13900000415,e834ea4a-761f-4fc1-ad2b-feafb7728186
13900000416,c7f9a251-718c-4a22-952f-20b4258853b3
13900000417,f1c50c8e-e6ec-4e35-99a2-b42b1aae981e
13900000418,97df0404-f16e-4d3b-81f9-206f112b0c2f
13900000419,72783d81-94cf-4d43-a7f3-ee70198b2f3d
13900000420,e297bf99-fb5a-40aa-bd83-a7a7ff57353e
13900000421,094458f7-1537-4949-83cd-52542305589e
13900000422,8904ef54-b710-4a33-9ddc-f5348215b8f9
13900000423,0e07027a-7255-42be-a017-3556621d5c4c
13900000424,0cbe4584-2b7f-454c-92e7-f26360b05d91
13900000425,f7c87566-dd77-4a21-81e5-e9aa93b51949
13900000426,0716153a-c86c-4176-b645-4aae0996ec20
13900000427,e3658e82-66de-445e-82ba-449258a26e34
13900000428,d7b47e71-88a1-4a06-b808-3aad2a360d14
13900000429,909a387f-7578-4e23-a996-1bdab36e68c1
13900000430,df872c4f-7cd3-4eb2-b6eb-6a7708bcf60d
13900000431,b74711e6-e353-49e1-9ee3-312331c88fe2
13900000432,82f79e89-42d0-4b0d-805e-1bbea063218b
13900000433,3d1092de-2416-41b5-b48c-642e6c1d85cc
13900000434,b76ec19c-ecbd-4b09-acfe-cf02755a3998
13900000435,7b98586c-92d2-49b0-b072-12ea00690736
13900000436,97611e51-f7b5-490d-9baf-4e9e36746232
13900000437,e179ce77-f1c2-4d0d-8cfe-3e32c2555bf6
13900000438,bd5bbef4-95ea-49ce-8c8a-de8a379a4f15
13900000439,63cbd9ec-f800-4905-b369-1a1df28e05a1
13900000440,4f1ee284-6ca4-4aae-b221-bcf6db4b496c
13900000441,c13ec524-206e-4d3c-bcb3-c0ae74ffc31d
13900000442,5b31cfe3-0229-4c91-8e0b-a57230487d8f
13900000443,a42acdba-d6e8-4907-85b0-f80f9cb2cbab
13900000444,d0030b3a-1e87-4451-8817-8c453ddad80d
13900000445,0ffb4bcc-c574-45c3-84ee-6b8ecf1dfc67
13900000446,02decb81-dae5-47ed-8d10-365fea5969c6
13900000447,b82710c2-fdf5-449c-8b43-f2893d6e025d
13900000448,475d8deb-00b8-440c-9a9d-a6b83b808479
13900000449,b2d8edf8-1bd3-4d13-b445-795082a773ef
13900000450,dfb12808-9a47-451c-8e22-f50cedfafa68
13900000451,09ad3f78-1268-4c32-8f54-26198be574cd
13900000452,a03ef41e-4f95-4491-a4ed-1d0f25920b0a
13900000453,6cd1256a-a85f-43c9-b185-1be9ea2328fe
13900000454,5cd5f3cc-2de6-4e23-b622-632ce4c9933c
13900000455,f07044ba-8fd6-4ca3-af30-8a560ef14e1e
13900000456,c25d9ec0-63ee-4a60-8503-6833416ae83f
13900000457,38ab2aba-227a-46fa-bea6-229a7f2d3d46
13900000458,c61e795e-180f-4e06-a481-5fd033c3bb50
13900000459,f031b9df-5da5-43d7-8912-621753b8220b
13900000460,851a3bfa-92e9-4a8b-b4f4-88374359a98d
13900000461,73980689-9ab8-4912-ae0a-d3326d3005c7
13900000462,a542f983-35bd-4dc7-98ba-fb049c9cf731
13900000463,484079e2-d55f-4835-beec-a1e864161cb6
13900000464,31ce9d12-9342-4e86-af51-74a66ba02d9f
13900000465,59210292-4ce4-476e-a4dc-592bf3915ba5
13900000466,9d25871f-bf90-49e2-9f2f-a7b5ec1d4d89
13900000467,00c52cac-d54d-44c3-a75b-cec05b8ca063
13900000468,ecc18338-a872-4d2c-9164-d4f71e2b3d35
13900000469,a76a6943-3e6e-4581-8065-034609991153
13900000470,e824e0bd-e7a3-43f9-9d8e-6b97bcff80e3
13900000471,716165b1-a925-417d-9adf-0c3e8b27851d
13900000472,f068c91e-7e6f-4091-a540-fd11c7d6429c
13900000473,1699b7c2-31b5-4715-a443-6e5ff1909a34
13900000474,fd52c63c-b266-4423-9773-af921da26010
13900000475,f4ea25d3-4d31-445b-b9b3-1aabecb75d22
13900000476,982cdf07-ea3c-431f-9989-74a5c3a9ad56
13900000477,048da224-d635-43a5-9d18-00cb55ead279
13900000478,66fc91ca-a0a8-494d-85a9-71f35ae00919
13900000479,54d41b0a-361c-45b2-86f0-6b75a31a5e26
13900000480,cf4e74dd-5dee-46a2-875d-d45da66477ab
13900000481,9b8a9051-bfc7-46ac-8dfe-ecd13f1d41ea
13900000482,22356ead-d7b6-4c3c-b33d-1e7455f35809
13900000483,f754f2f6-8c6b-4e39-92a2-e2f34a892b6a
13900000484,6cff42b4-a44e-4952-8b4f-19e09ef05845
13900000485,b40ed24d-73e8-49cb-b2c7-898dc6e9dc32
13900000486,5eb2df81-0377-4a58-881c-4803b35ab5b5
13900000487,71500794-3273-4b2a-88f0-a6b65a2c6ffc
13900000488,999dcc6d-c52b-4e1a-9c8b-e4afd07139e9
13900000489,08d1829e-d934-4462-9a58-ddd2a82f57df
13900000490,ca88cf3e-b402-4cf5-96da-7140a0d90c71
13900000491,be441116-628c-4eaa-aec3-49a4426019d5
13900000492,660dacf8-5728-4c1b-8f0e-dc623bb09eea
13900000493,73ef0974-7d64-46cd-a7b7-f974a8b2a257
13900000494,49afe561-fa42-4435-bea1-d6dcbf292063
13900000495,f26fa060-8a6f-43c9-ab40-97bd4b058a7e
13900000496,4211857c-cbbf-4653-9eda-8f1b67319d16
13900000497,76f798d5-bf61-48f1-80d1-dbb372f820db
13900000498,e9bbac5e-d92e-4563-a6cd-947bc89874de
13900000499,630ddc25-347d-495f-9e63-e7edd1296192
13900000500,9b9b9f07-91ba-4219-a38c-99f4085c07d6
13900000501,e9dd9649-3b48-4353-aa29-beff8f66491e
13900000502,644a87c0-1a3a-4144-9d38-e6afb856717b
13900000503,1763c810-659d-4af5-bd13-c98536c852f5
13900000504,5d1ec00e-31dc-4331-bf29-cdc5479e0fee
13900000505,911588e8-0ce2-4b2f-9b3a-40a6f79b5caa
13900000506,79a20561-9da0-4f3e-bf1b-c77b973a5f43
13900000507,33643016-df59-4a33-bcbc-07b8b1e9eaae
13900000508,7960f538-7bb4-449d-b8d5-5d24a60086bb
13900000509,26b09fc6-489c-4c98-8a78-668ec44640e1
13900000510,d3e2550b-7314-4071-8c7c-620d4ffd0462
13900000511,641812a4-3076-480b-83f6-248d7e53de6d
13900000512,a61d216c-dd59-4256-b75a-427d115d07d9
13900000513,ec5765d1-a8f6-4d13-94fc-e0dfe6a8a023
13900000514,2d92fcb5-c576-40ba-a506-8d51e18e8da5
13900000515,6dfed7c1-3166-4d06-a943-08cb838d05e8
13900000516,225c0b1e-7028-4881-96a3-425bc427b76d
13900000517,eb239d8c-ce02-47f5-8d57-dc64db1a56ac
13900000518,27345340-f56e-4b22-853b-978ae411b158
13900000519,96b5deea-572a-4ec7-9cdd-8c6b7deb396d
13900000520,a23d976f-fef8-4aa5-8fe5-c3252ebdaceb
13900000521,a2b08d2f-f1fe-4e9a-b407-841d03b91a4c
13900000522,7a8f7d5a-13ac-4e8a-b38c-77180b1550fa
13900000523,afb6951e-a224-42b7-ab10-2b9564658570
13900000524,86f4b92f-bd59-40e3-bcf0-481ea2a684e0
13900000525,e6b9c369-9c51-4edb-9459-7b00cfe03b57
13900000526,881a513a-1c61-4c75-a5ad-438e3eca3e88
13900000527,62f92eba-fc82-4043-ac7d-4b4493448d2d
13900000528,0a5899ee-ad7c-461a-b6b2-807571020b62
13900000529,8ee2fd56-4e99-4e77-a637-8c352cd4b22c
13900000530,8c47b076-c838-4936-be8c-b27c072154ec
13900000531,8964a250-6adc-4acd-994e-d70585ae3a0d
13900000532,0b3c10b0-3acf-4ec5-9461-93cd0e00f0f7
13900000533,4bfc153f-4f17-432a-b9db-ca7d44dba205
13900000534,b725e5e2-9b76-4b0b-bf78-8404baf9b236
13900000535,d9ddd095-dbd8-4851-8e1a-71f50a0451c9
13900000536,9f560faa-a6b8-4f98-ba35-8b9cab990f12
13900000537,9fee529c-4b70-4fa6-a241-1fb7a04a3069
13900000538,a5ee75e1-cffd-4e72-8e99-5bd3d0020df9
13900000539,aedf7957-8464-4284-95cc-e4a73502b2ce
13900000540,99e3ed0f-8623-4d71-8a17-077478a054b8
13900000541,e5c83777-ec47-4ebf-9e9d-72dad3f07d43
13900000542,d6c76325-d652-4742-96d5-af1f8cce814c
13900000543,7affb85d-0ca6-4ae9-b0c3-d20b8f54588f
13900000544,b002ca13-97e1-4329-bc4e-a341108333cc
13900000545,e33883f6-1883-4a96-b4ba-f3c14cf74391
13900000546,494e13c3-04ed-4a31-a45e-91e6139cdf94
13900000547,f8d7bb1a-8c55-4cd1-acce-f3f9672d66ae
13900000548,99280ff4-07fa-4a01-9d35-eb7c4ae762f3
13900000549,c79874e5-2543-43f0-95ad-417cf6b1f4ce
13900000550,a9341bdc-1bc7-43f1-a5f5-75694adc918b
13900000551,74b8f4bd-389d-40a6-be3a-9eb64eec60a7
13900000552,c6568b63-8600-4531-9fbb-cf9ab1a78b35
13900000553,a4764c89-70a9-4ebb-96d9-9c3f969bbc4c
13900000554,86ba331f-d262-43fb-8159-a11177424e13
13900000555,cca564dc-74ff-4b4b-925e-4c6708115f0f
13900000556,97202346-43c3-4d63-b145-50e6bac34f29
13900000557,9f6f21e6-fe6f-4423-b6a0-cf75ebf4c948
13900000558,7625d857-90ae-4b46-a161-4f98630a09a0
13900000559,78947ce4-f10a-4a7a-a5be-34789f2ce9e2
13900000560,8970a7c6-3f16-4acb-983d-587385cff6c2
13900000561,ef71d1b8-e25b-4917-bc8d-9dad8672dc45
13900000562,adbd54ac-b63e-4592-a4b0-2325d876511d
13900000563,8a8d59bf-e6ff-4b9a-8e56-fc096430f13e
13900000564,b08d7808-396d-438d-8fef-deca4da2a43b
13900000565,fbc2b433-070d-4107-8f40-123835f7c300
13900000566,11035d60-54f0-403d-864c-873234a333f0
13900000567,ee9a35df-a0ae-4ffc-aadb-8765818e5a8c
13900000568,2ac4bc37-a375-4bb0-bc7f-47de635d1510
13900000569,a3a1170f-084a-4254-b6bc-184fa4f9b878
13900000570,db0226b3-8000-436d-ac7a-43e6e6a6724a
13900000571,a7ca3ff6-d769-4b7e-be18-db8a10e20dd6
13900000572,393ffa9c-2a64-4d0a-a2e4-eb81de061c68
13900000573,bc01b8c6-dad0-4ea8-a4ff-2c7ab06d07dc
13900000574,440b8712-c6e6-4bb0-b6c3-8eeba27d1189
13900000575,0b9d28ab-fc43-4d10-b228-8b61820d0e2c
13900000576,e4265d43-63fe-4d9e-a945-ba6382a4d3d8
13900000577,e5d613a7-2b21-4c0b-af03-b6068e64b3b3
13900000578,355193d8-4ca8-46b4-81b4-a7a20b620357
13900000579,f560ce7e-5305-45e3-856e-d659fba3c03c
13900000580,eb7bdba4-f84d-4d35-907f-2df0470320d8
13900000581,f36a9729-ff2b-4f26-b577-e240dc8189b2
13900000582,7d531f14-9570-4058-a654-8364400f3130
13900000583,e76649b3-bde3-4be0-bb02-239fb17fec03
13900000584,cbcdfb34-aa2e-4145-85a1-36630c0e44db
13900000585,7288566a-1d0a-4270-a591-198f48dfe46c
13900000586,72b52201-616f-47a9-9b86-eef0d1cecf2d
13900000587,2752f942-3f1f-43b6-8350-54bcc6df66f6
13900000588,a6c994a5-c257-4c42-8fc7-31e9f55fb4ef
13900000589,538f4149-d066-417d-b3a7-8c7e42ea1fac
13900000590,81609395-b656-4994-b258-471febc578b0
13900000591,27346a7c-cf55-41c6-a09c-52ea9a7cd772
13900000592,d7d7b85d-e286-448a-85d8-24f0b62f0017
13900000593,3fee99bf-e987-4373-b5f8-a3e2191d7be7
13900000594,ea07121d-13b5-41a7-a785-c9bd088e080d
13900000595,8466dd58-c4b1-454e-974f-c63037277ee2
13900000596,c1e727a8-3038-44b7-8641-d4bf71edc65f
13900000597,e0c91e1c-be1d-4712-b788-9a9ffed94ae6
13900000598,ecb9fbc8-5ee4-4480-acf4-c12509456691
13900000599,1007acca-c08e-456b-a72f-259a809c810f
13900000600,e2a993d6-de62-44dc-94e5-249a6e63548b
13900000601,e7748212-51e3-4ec8-81ae-405291f67e1d
13900000602,8b40d4be-775d-499f-9f1b-9d3dbfafb375
13900000603,b71f1d2f-1a2e-4af0-a236-ba9ffc016817
13900000604,d607c28a-2979-4ce2-8324-444cac2641b5
13900000605,6a3e045e-5585-4b0e-b1d1-18fa2b46210b
13900000606,e7a20657-37e0-449d-b093-1cf33f044dd3
13900000607,6fbce3ee-792c-4d78-95a0-3bcbd70989e2
13900000608,edbde5f4-f2b4-4a86-9232-3777327c6acd
13900000609,abf54b3d-1434-4196-92b0-ad8db4996a67
13900000610,b49300e4-b7f0-426f-bcc4-979f1c5b7245
13900000611,0d2000be-59c3-4343-a02e-bcb92b03c05d
13900000612,1e595d6a-862f-4966-a8df-f87a278640f8
13900000613,b46d189d-6f40-4f5c-a43f-84a6564253c8
13900000614,59d0e3d1-38ac-407a-8196-02c47b5645d2
13900000615,c7693fbe-370b-46b9-a160-4550d2bdbe31
13900000616,1353f4e5-f74f-4e9c-9835-2613a74f5e9d
13900000617,ffb2615d-e243-4428-8347-e410db89b13a
13900000618,c3f0268c-3992-4a32-955d-769ceab31744
13900000619,5d91d454-8bf0-4adc-a5ec-51a7b29455a2
13900000620,3c7425f3-b9b9-4212-a063-9f360af16dab
13900000621,2895591b-2b5e-4881-a177-7f654b14193d
13900000622,151ef391-1c51-40fc-9939-39c8a203bdb6
13900000623,1269d001-5cac-4bc8-a3a8-6700224d2b66
13900000624,29a6ac6d-2a9f-4de8-ad6f-abb0916baa15
13900000625,054ad29e-d866-4a81-b11c-d54edb48007d
13900000626,fe7c051e-71a4-4566-88e3-1816d7530cf2
13900000627,94433761-b2e1-4cdb-827a-f54141c500db
13900000628,0feb2fd0-e3a1-4781-8684-88cab200c0f8
13900000629,662e400f-a6d5-4874-ae89-dc67ecad0ecb
13900000630,bbc9cce2-4205-4503-a2e5-5d7555ef8596
13900000631,789ecbe7-a025-4a50-9330-0a0156824da2
13900000632,fe07a10d-ca3a-4a94-bde3-b0d17582a446
13900000633,556935a1-cd85-4b81-8315-fce2b56a53af
13900000634,d11d77d0-5fc9-4c8c-bcbf-b4502d57dbe3
13900000635,78765a86-4f41-4c93-b3bc-ec09bae4c03e
13900000636,a4ff4087-e432-4f51-8380-91272469bfda
13900000637,f818ff60-8a9d-4c58-92fe-c1015c264899
13900000638,5e159808-5eb1-450a-948c-4227d67ebf76
13900000639,6319701e-06ef-475f-bd9f-a0e4bc48cdc4
13900000640,030d0131-e6db-4375-8072-96d313d6f63f
13900000641,d1903c87-59cb-4403-af4f-f1ff5b335c2b
13900000642,6cb57fb0-f75e-469c-8bae-16b592207c6a
13900000643,047caf60-1bac-44ac-94a7-2e928aedf1d0
13900000644,bedbc6bb-80c6-40f6-bf65-9f5187926935
13900000645,ee136494-0228-4441-9c04-60de9a1328d9
13900000646,21518b9e-e142-4fa1-9dfe-ebbc9a0357b5
13900000647,267a575a-a795-4013-a97c-5cc0815ef757
13900000648,54c7c4d7-d035-4beb-8524-88628e1f30f1
13900000649,62ee396c-da93-4d65-af1c-818a5d94bf6d
13900000650,ccde624b-43e8-4740-b63e-c964ec0c9c65
13900000651,c4d141cd-8728-4f3c-94e7-00927df1d3a0
13900000652,dff34619-d5d0-4215-8a66-9a14eaf3fbcb
13900000653,ba6670be-efc2-4405-bf99-34f16a4ef688
13900000654,f4af9e22-49e6-4b7e-82c6-1eadd10a6345
13900000655,28bab5be-78a0-48fa-b084-3c68278a29f9
13900000656,05a6abfa-0422-4fc8-9669-3bb251999028
13900000657,56bd572d-a865-4eab-bc8d-6116a0914006
13900000658,2bfb1f28-8b4b-4c18-ad83-eeaed94207a2
13900000659,89c389c8-188f-405f-b17c-e11060ce18bc
13900000660,6f770959-dc8d-4d31-b58c-bc980f5229f6
13900000661,92f7d9b4-6387-48d8-aef2-34198c06ced9
13900000662,8ae2dae9-3b86-474e-88e0-9871629c19df
13900000663,4233dcd5-1de3-4909-bd62-f8dcfc382dfd
13900000664,52a83f93-1dec-409a-aef7-035e707c2a56
13900000665,9be2e413-43c3-47cb-80c6-c738d41bd3ff
13900000666,0eeb3046-9142-4c69-90da-2846ad1a5a7c
13900000667,3f07da41-48f0-45a2-87db-5a87a884d47e
13900000668,181760c6-1033-49e5-84e3-bb64381d968e
13900000669,1703fbcc-bf8f-46b1-ba37-c969bb2a4c31
13900000670,aad9effa-42e9-4811-860a-f0b4acfbd7bd
13900000671,2fd4d452-f3d2-4b20-88d6-3e8946cd5963
13900000672,afd6d5ae-a777-465a-ab69-73302ec04181
13900000673,166e2696-ddce-4563-ad53-23b18813a6cd
13900000674,77cb3685-f687-4de2-920f-59ec13c91331
13900000675,fc4da5df-41db-4f8d-be12-cedaca74bdf8
13900000676,d256a1ec-5bdd-4122-b935-850c6885b2c5
13900000677,982f848e-28bd-4875-938e-a636769061af
13900000678,d3c8f009-3864-4ae3-b0b7-c9c1d7f1166e
13900000679,7d55a6ea-acee-46f7-8596-1e173fd4b260
13900000680,bb1872ea-c8be-46ee-b4fa-7a46fc3b0418
13900000681,52b06f61-d2ad-4fef-84ef-0a8702e9767e
13900000682,36e51f34-fcd0-4a7a-a4d5-9679d90b1beb
13900000683,36aeb3fd-4c76-45ee-9baa-52735b255384
13900000684,9eac50dc-b277-4866-96f0-fdd2d48dcd87
13900000685,fa509510-1463-44ed-aa71-9688311a2e94
13900000686,1ca025ab-051e-432d-9ee7-584fed0f2826
13900000687,d024a65c-e2c6-4861-aebc-c06c8e925525
13900000688,a7317761-29c0-45a3-9886-67fbd9caf475
13900000689,191f1f2a-d25c-4d1b-8e05-8ce504f4019f
13900000690,2fcab801-4e22-4842-a000-cb6a04429aa8
13900000691,e5649f3d-23da-4e93-b63c-d9f4329873c4
13900000692,f91e5ea5-5e9a-4248-ae16-416d35ba202e
13900000693,0e424b7c-68d9-4aeb-97be-8c4c7f996711
13900000694,4cc03120-a5ed-42c7-9966-53881efbe826
13900000695,cd090b10-8dc3-454d-b00e-afc6ac28d5d8
13900000696,58274dd8-3470-46fc-a4ba-389cbc216f1e
13900000697,82c4d6f0-2243-4980-8f1c-f1c01f4f4cf9
13900000698,a80050f8-f735-49d3-b249-cf06f06a1c40
13900000699,8da1e435-7af9-4763-9b1d-09f2398ddd0a
13900000700,aaca1eef-70db-42c4-b01c-fa3a9211d3fa
13900000701,b4f8d14c-bee0-46da-8b42-dd77d6f6c4a7
13900000702,bcd12024-6e6e-4d4e-a103-e84c0fafcb00
13900000703,61984cee-1a65-4024-bdc1-f0c087d5530e
13900000704,b6bfa5a5-696d-4cf5-99b8-8ba602015418
13900000705,321e75a0-b6e6-43b4-a25c-7349212a2a33
13900000706,e547be8b-5063-45ed-a081-186fc926a34a
13900000707,8c577514-4da9-455f-a6ac-caa8dfd4093f
13900000708,6929a6ec-3ae9-451e-8f9b-0128dff144db
13900000709,6685e3cb-53ce-467b-a944-9ff36f31a20f
13900000710,80098683-97fe-4958-80ac-ffaeec75a0c0
13900000711,7361b609-0529-4cf5-a367-3461c98248b8
13900000712,a45c35fd-dea4-4289-9bae-5c7c5174b189
13900000713,b6682e04-beda-40b0-a737-07c28a605f05
13900000714,bdd9b3fc-862c-4e39-9e96-1a5419d5e815
13900000715,70874519-55ca-4294-bf5e-ac5df0953b5e
13900000716,a06531cc-bd75-4015-82b4-7254c1af3c58
13900000717,d7f889f1-7a28-4b0f-b63f-4fedc8819d02
13900000718,99780443-379e-4c88-939a-71782b78e6af
13900000719,1b9c7e42-5d22-4805-89b9-57e25110fca6
13900000720,235ad050-ab3e-49a2-9c35-4d5adfbfd82a
13900000721,aff9574b-c36d-41eb-8977-54a9e974cb1a
13900000722,60a33be5-cf52-4f67-b9bc-4aee63cd3ede
13900000723,1cf8cd2c-0103-4720-8959-32563324e490
13900000724,c1951412-9ae6-40f6-ad5e-52bdad6fc1b2
13900000725,bce4758f-e175-4538-8983-c6d34da3e0f2
13900000726,48d1700e-7dfe-4d5d-aa8c-6c36873bd371
13900000727,a3714f05-45f9-4bba-ae5e-31c3014f9a5f
13900000728,44c8a4b4-2d26-4112-b7f1-333beb82458c
13900000729,403a45e3-f93d-42e6-9e24-4be55b6d4d6a
13900000730,7b40ef8d-46dd-41df-bb3c-105344565474
13900000731,eaf636bb-6f00-40d6-a41a-d1082ed5cc5d
13900000732,1da4c978-b399-45d0-8411-ff33f51192e4
13900000733,9414ea0c-fe3c-478c-9713-98252d57aa95
13900000734,fefb1277-2b84-4baf-a15c-e329f9f95481
13900000735,c5a3c81c-b96c-4f06-a077-8870daf8b25c
13900000736,087ac87c-8c19-469c-9a8d-5ca1e1a3e21a
13900000737,1510b9ee-39ac-4670-ab33-4ec330c0658e
13900000738,203fc4df-5ce4-4c6d-b54c-807849098b03
13900000739,697dd37a-af92-4491-bdf9-816f6e1ed3de
13900000740,674552e8-b032-47d6-8bd4-c315ccf0b92c
13900000741,21a9fd77-9f30-4e7a-9ee1-f770cf406b83
13900000742,9dcbf574-91ab-4026-8c6f-d91cfc32f452
13900000743,c9358993-6809-4016-afef-8e172e046d41
13900000744,27b302ee-1f0a-4c08-8658-2f61c379b269
13900000745,0675e33a-3a8e-4131-90b7-1937b8971d78
13900000746,b65b82f6-64dd-4b7e-b36f-a61ffb63d109
13900000747,ab61e583-66b3-4de8-a138-f71105acdea6
13900000748,5cd1df0b-5c50-4882-9b23-57ab6369bef1
13900000749,ede6a6f8-ad2c-4e84-8e53-3af2d0c27f68
13900000750,e5c13385-8ddc-4518-a34e-bf73f83458f9
13900000751,72a7b1bc-4193-4029-811a-9335a1e078a6
13900000752,71b9e334-7a27-4fe2-beb2-aa8ab0169698
13900000753,c07c72d0-126a-4e73-8fbc-1082e413e96b
13900000754,0f1d03f7-e649-4fa1-a3a9-16458f4cb91c
13900000755,27f2e5c9-0954-4fbe-98b9-9693469e63b7
13900000756,d12be2ed-b487-4ba5-b4e7-0fa546ea38c6
13900000757,d1ea4d44-6aba-48a1-9071-e4be339b16d6
13900000758,7a7d9e2b-6186-483d-997a-f683d8b236a7
13900000759,ff9fcf13-78aa-4c10-85bb-b30310a1bfc5
13900000760,adca4d7c-8231-4fde-9eed-0a910e319cc2
13900000761,a5445764-3bf2-45f7-bf94-272bd6325c74
13900000762,1c1ddac4-1aeb-46eb-a8a3-3d285ffe83fd
13900000763,735bf375-ddd5-48e9-8a3a-5c1c0cc57889
13900000764,3977f4de-f52b-4f77-ac7c-3ef56931c953
13900000765,0f3edda4-78b1-4358-95f6-698550264a43
13900000766,4ba8cff0-2cf8-4a4d-b4bc-068d62e3d8e8
13900000767,5a3aaa66-eb20-42a5-bb9e-361477b247ab
13900000768,d407dac8-5f4f-4f23-8e2e-7bf2e5183060
13900000769,9ef99731-77b3-4ab1-ba1b-63c065248f8a
13900000770,c125ece0-b78a-4136-a7ba-76e6f7ed8a42
13900000771,17124964-351b-46c5-90b0-3e1ef590ef9d
13900000772,6f58f2a3-f468-445d-96d0-631fccf3707d
13900000773,ac302d75-96b7-4e55-80dc-b0881db05ecf
13900000774,ab2974cc-e06a-473d-a475-63d538f596ac
13900000775,189e5c6f-c738-4176-885c-8da02df58969
13900000776,7c2b6570-bbd3-4aae-ba8a-1e5be683c163
13900000777,26feddc2-bb52-422c-8136-4ede56746626
13900000778,ee18962e-262c-42a8-8be6-b180cc96f1d6
13900000779,a7bcd1f7-0f8d-4e4b-b748-874528a9ba3d
13900000780,31e39db3-850e-48af-b8fe-93ff368603d3
13900000781,e14ebf93-f6d2-424a-8a50-a4ccc9a277f2
13900000782,f908353d-c189-4649-9ceb-3412b0642e85
13900000783,f48058f2-bbba-4836-9e02-74e559f2270c
13900000784,895bd05f-1a8d-42a9-a1dc-dadd2020f9a2
13900000785,35425d58-528c-41bb-8a6d-52651492586d
13900000786,24d83d56-e524-44bc-adae-c7ad290dc1a4
13900000787,213e6311-fc21-4102-807c-d89ed7dd57c4
13900000788,ab78ea96-e114-4d40-9dd3-8eec09b9f646
13900000789,45aff72c-592a-4f01-b9e2-134084f6df86
13900000790,7afbbfc9-d088-4665-a5f0-7418a9ede9c7
13900000791,03ee4db9-0fb6-41d1-96c0-32e7cef92a36
13900000792,e581482c-f35d-4443-8d67-c12ec00857ba
13900000793,dd661135-2888-47c0-9d6a-803c53466a2c
13900000794,81dd6e1d-0ee9-4517-b28f-c8be2ddbcc3a
13900000795,7542d53b-59b6-42e0-a394-5d46a463d4be
13900000796,b01693c5-9ec5-4b6d-9014-4182ba37b1c4
13900000797,2caa093c-37fa-4edf-82f4-3e65ce275c31
13900000798,a2b76d1b-efbc-4b51-8df5-66e1b73f071b
13900000799,4b7a0224-78dd-4d0c-a6bc-61030ce380c2
13900000800,49f8f07d-256f-43ff-acdd-5f9f53e88267
13900000801,34d53dda-58ff-44a8-9ea8-5e29eebc5d36
13900000802,a74389e1-213d-459f-a495-6af07b483023
13900000803,d5264746-65b6-4265-887a-ae48dd7df534
13900000804,a62aa803-c0b0-443f-bb55-1195aaf86c6b
13900000805,158af8a1-118d-4c1b-ad40-fc12ae2d392d
13900000806,17b22ea9-1bc1-4506-b87f-f0cd382c3422
13900000807,6f1db628-c028-4d4c-81b7-791e7c038727
13900000808,5ae202f2-7dfc-43b8-aed8-4c491b432b80
13900000809,d2115110-6296-43df-9224-a06223155d17
13900000810,25e08d18-66ab-4429-8fe9-f4a149f082f0
13900000811,b75e49c1-32b7-406d-bb5b-6944ab672dcd
13900000812,f8dbb4fe-29f8-4b47-aac3-98ff77877036
13900000813,0a68ed38-c64b-4fcd-bc69-fa537113b531
13900000814,c54ba5a3-04e3-4fa6-986b-8c5863893957
13900000815,180d7c07-3959-4104-8709-d7a16b5c5a9f
13900000816,4776dfaf-7bdc-4d71-9e44-9684296f0d6b
13900000817,dba104a0-ddbc-4307-96b2-843120358de8
13900000818,6bfb7f4d-741e-490d-9d01-e4c3644e849c
13900000819,df4ce46b-1e6e-4489-abcf-0aa3f7b0577e
13900000820,6e3fb5dd-8d66-4793-96f7-912ce3ddaa80
13900000821,aab97586-f355-4c5c-9c67-56a4c2f95015
13900000822,d465e4fe-708c-4afd-ab97-ff989a5785fb
13900000823,76e704b6-4bc4-4d1d-b404-fc8d15e4dd89
13900000824,de69974f-12dc-40d0-b064-90ae7ac50262
13900000825,a6cb5717-4767-44af-ac72-8b5d1df6b6ee
13900000826,43d8180e-2c6e-46c8-a32f-cae9683b3e5d
13900000827,922d833c-0252-4dae-b539-5a3eac6dabcd
13900000828,d79ea246-edb1-4d03-a0fb-630a2d02c126
13900000829,e03b40f7-b979-4605-a52c-96180654d765
13900000830,de79b64c-af98-4026-b761-f7cf60e53e55
13900000831,f32cff54-b708-4be0-9c5e-ff32c033cc28
13900000832,54e8e6ce-ce97-48a6-b057-0c609445c8ef
13900000833,ee2dc8bf-925e-4710-81ab-3ac88e950f77
13900000834,990ff3eb-1576-4638-90a8-770d395ea3b7
13900000835,369089a5-dc21-494f-a3ba-2c32ed80a6d7
13900000836,6fe5f7be-18ef-42bc-8273-134d80597792
13900000837,e6d1cf9f-e1eb-4659-b513-28c3ddc7d9a1
13900000838,e07390d1-cb03-4940-bee6-6258021fce9b
13900000839,7021a4f5-b794-4566-95e4-c5c88ad9a8cb
13900000840,42842374-4f30-4b5a-98ac-cb7f793c0485
13900000841,aa2ea737-f89f-4924-b521-c04b16d12830
13900000842,86e203e1-a7d1-49bd-b9b7-a7a66308eaaa
13900000843,262f4ec5-7434-485e-a37e-57be1649b11c
13900000844,2b55aee6-9406-4ea9-9715-ddaa4770f06d
13900000845,cb7ca2d5-cbd7-4eef-94ea-aba1d1282160
13900000846,072bdc87-222d-4b03-94d3-9e556f63b43b
13900000847,05f9c539-fe62-46ea-90b8-3fb3df2ece79
13900000848,f919fd9d-3039-44ba-a94d-e6831d20f7f1
13900000849,02da2a8a-9507-40f4-ba7d-487a0b825639
13900000850,2c36bec1-4a4c-46d2-af02-ceaa9625689b
13900000851,15c815cc-aed2-4263-bf64-6012c9a28875
13900000852,0164707b-96ac-43ab-acfb-8941d9ce0dc4
13900000853,0f72a2e9-e415-4d5a-b5a7-b201622c728d
13900000854,460d1ad4-bcac-49da-80ea-888cebc3f7e5
13900000855,e6e38b22-2116-4ef7-98a7-576b4e935f76
13900000856,2c67c42e-1294-4406-afe8-9b498b1f5a8d
13900000857,0b0c27f0-980a-4847-a6d4-8da4bdbc4329
13900000858,a7f643cf-29fc-4eb0-86e5-dba16a98911b
13900000859,40c3ddae-8fa4-44de-9690-26ebe468ec9b
13900000860,b00d0631-eb03-4acd-a0c5-b621c0afe40d
13900000861,712a8bd9-ac41-400c-8f13-13852b1fe46a
13900000862,b7e3eb50-5c87-49ac-a1a4-15a917c470a9
13900000863,e252c639-0095-4359-bc77-ad9ea1cdb3fd
13900000864,5841fac0-e44a-4e26-acd4-a35b1a88943e
13900000865,d9a0132d-1b1f-46e7-9277-506b347a7e8a
13900000866,5289fa4b-c1f8-4f44-97a0-4d97c2e74744
13900000867,e142f7f1-1e3f-43f7-99b2-79384dc78192
13900000868,42ed33cc-1760-4bb3-8c06-afbe67ccbb13
13900000869,ae2b1529-cf60-4353-81fa-3683e10de3d1
13900000870,81bd53e0-1f3f-4e14-b65b-d7a7f49830a4
13900000871,051d32e0-496a-401a-b5b3-d5676de96459
13900000872,8e3ecad5-1513-494c-98c7-89d37011ada9
13900000873,6d3619de-37e6-46ce-a7c5-74868896d808
13900000874,912c720d-7d1b-454c-bfdd-3561bd95552a
13900000875,f3cf9050-c359-4998-81ab-1784412980ba
13900000876,de3dfa4d-b257-4112-abb3-f6821ddb8ecd
13900000877,c6f1c54e-f968-4009-a013-f4a46c944ab0
13900000878,41893e67-3a2f-4c0c-b516-a10f95668d5a
13900000879,018d645a-14b5-4b46-80aa-f44e33faa074
13900000880,5185c25a-a024-41b6-a7a9-6154d7e3ecc6
13900000881,cfd5df37-777e-4462-9903-1ae09b229464
13900000882,cbba0523-73b4-4854-b246-b6af0e50fcfc
13900000883,2dba2076-f908-49bd-a622-eb2a51ae072a
13900000884,e636653e-8ed4-4856-a1fc-b965ee55db0f
13900000885,b317ab0d-945a-4637-84b3-b0d53e5eacd1
13900000886,979c4517-b159-47c9-818a-ea37529aaa9e
13900000887,e9bfad47-dbf3-4432-b1de-32c4b5742a4a
13900000888,8bcb6673-45f8-4c40-b224-86f73b55ca7e
13900000889,6fe659a3-29f5-47b2-aa83-9c1f9f151373
13900000890,366267eb-d732-4c55-a37e-1d43768b884d
13900000891,1849c508-5586-456d-9fd5-c4a88b54e655
13900000892,b36badcd-6640-4d62-a803-d0be75338d99
13900000893,ee159f25-8450-4519-8677-0a61242809df
13900000894,e499bae9-04d4-4749-a3dd-b4cbfe76efe1
13900000895,d8c5fee0-faf4-4d23-91b4-09614d86f992
13900000896,ac2b183b-b83b-4020-92e3-299f3eaaf055
13900000897,d17deef5-5bcf-4e61-a3c5-5f6339de504a
13900000898,886a61b8-a67d-46ac-b968-a6640bbda873
13900000899,9e83f9c4-cc06-4e89-81bd-9b8c95030ab0
13900000900,9ed2e535-bd28-4019-a5af-af75c09fe1a0
13900000901,c3853074-6693-490f-aa0b-106a58fcfb62
13900000902,be2b956c-f543-45ed-98c4-43883ef46477
13900000903,b452cf00-be04-4368-8e98-b9a51dd5b171
13900000904,e72a5d82-cd90-4163-ace4-41848103f994
13900000905,f753de9b-1198-490a-8200-b440ae285801
13900000906,d04072d0-f2fc-4270-b7b1-ffd620af9ed4
13900000907,63b2a6b1-4a02-4e0e-93dd-38f8bd357f72
13900000908,98e3649b-90d1-48ee-b688-2abfd80e17d0
13900000909,c420bd6f-5192-4ac1-b03e-c0b1b2d784d2
13900000910,bfc8dc39-0346-4f35-aee4-8ce32cb26263
13900000911,b4abf5ca-0e84-4c52-8b14-fb6503dfcc03
13900000912,ccdf05a7-b41a-47d8-8844-4d598b19d917
13900000913,73298298-6042-4699-a00b-294cad54611c
13900000914,eee28e1b-596a-4e62-a3a3-7abead163676
13900000915,7a0172b8-9185-455e-a63d-cf41d3e6f7ac
13900000916,8e204f98-7c62-43eb-b74f-98e8f6b20f5b
13900000917,5a150c37-47fe-4cab-9487-40501ddbc96f
13900000918,c6b1e9c4-2727-4792-a5db-ce57bfe75f03
13900000919,74d43c2b-465a-45b1-892c-e3d2feb202ef
13900000920,82a3ce13-4e43-42ce-8041-5bc1032884e7
13900000921,988efcd7-9446-4fda-8f35-8e623d51f9ed
13900000922,52014d77-f7c1-4fde-8eb7-a61e803a4bb5
13900000923,d5967a24-c95e-4729-9528-e0574700ba48
13900000924,f3edd081-b95f-4a54-b78a-f8aa5b8292e5
13900000925,81400449-bbd9-4210-b637-a6e57568e2b5
13900000926,5add51f9-82b6-41bc-a6df-e107af646e1e
13900000927,aaf04113-e970-45a2-80b4-1476bb7befd4
13900000928,5d4aff3f-fe45-4968-bf9e-a204c2f86430
13900000929,8d2273f0-8d93-4608-99d0-9e4d41d68546
13900000930,397aba04-6495-4ef4-b84d-6f22b74d6e0e
13900000931,e62d2efc-28f3-40a3-b5c7-03695bac7b4a
13900000932,c433a97d-c79c-417f-88e5-5e4952b30a43
13900000933,b4c59df8-b8b8-4b77-b6ff-fcdc9fe573a1
13900000934,4fff38df-7b4a-4da8-81f9-3c1b1d0104d1
13900000935,81bd20ff-3ee0-46d9-879e-22b8e0fa7783
13900000936,acfe7a05-1d30-4e59-bc35-ee946863f980
13900000937,54ffbd26-48c8-4392-9125-fa9c818cded6
13900000938,03f4f048-4377-436b-b2bc-16275945b876
13900000939,6b2a9033-e28f-4f78-9939-8e9f9f0863c7
13900000940,f3439a18-83e1-4787-8de5-6a59f0886f4e
13900000941,f80c65f0-faba-495f-8b6e-1f53c8910aba
13900000942,bc6cf3cd-79aa-46f3-82b2-a8633bcde035
13900000943,cd696cdf-2d9a-4078-a576-3b3cb5d4bda2
13900000944,6afe2cee-d6d4-4d24-927a-924d85ff5ac6
13900000945,a25a898c-12ce-41e3-9d6e-9cbb4996d66f
13900000946,bda475d1-2f38-4e37-b32b-681073e35c0f
13900000947,5f00d8f7-1bd9-46f5-a9cd-468b1bf2e528
13900000948,29778eed-0748-4912-8563-7cbc1a034663
13900000949,ea49c311-01d8-4169-a04a-6636012266b5
13900000950,4f64a115-5f9a-42f7-9329-6b67c75a348c
13900000951,7bfaee01-4ac0-4a2d-ba3d-a71c2f0161ef
13900000952,1262b999-8272-4146-bf20-a2ba26f560af
13900000953,e32a939e-b9c7-42fe-8584-caf7a1e8217a
13900000954,7504c9b3-1397-4c46-a6a3-02598201e431
13900000955,0d59c9e4-b962-4668-aa01-9bf1fbda64e8
13900000956,098232e2-d5c5-4712-911a-0b608e09c706
13900000957,a1f009c4-c053-4365-b388-179b1ead7db5
13900000958,121b8e20-e916-4cbc-812b-1e398ebb9afb
13900000959,b9ceee51-207c-457f-89d6-d44cddfd3885
13900000960,fefefc54-d3c3-4f0e-a004-1fbce53fa0e8
13900000961,0e94eaaf-fdfa-47a6-a5d7-1a5debd2ab08
13900000962,45d5fe4f-342f-48fb-914b-f3208810a036
13900000963,ebfb02b0-e78c-4ecd-9998-a6c9ae82a4fa
13900000964,259ad097-fa72-4080-ab91-cc56de7f693e
13900000965,4497488e-b145-47b5-901f-4c0c58f7e74f
13900000966,777d65ed-e8af-4e98-9bf8-5bf3570f8bce
13900000967,f7fd14a3-35a7-4d74-975b-8cd6a50c1b54
13900000968,d339fbaf-355a-46b7-b74e-01e0d30a431b
13900000969,d67ba65d-9b1b-41a7-9ced-b8e48c68e29f
13900000970,a1701f75-4515-451a-8d74-861f65987f1a
13900000971,052e83d0-bbe0-4ea8-a2af-58dcef19860f
13900000972,b82c33b0-51e4-4341-b50a-c075fcd06314
13900000973,d74e5bf1-3c98-4fc7-8428-105939090869
13900000974,5c6cff01-36dc-46fe-bc78-ff4e5194adaf
13900000975,5bfd25f1-8990-47a7-bfad-6b73654b99e8
13900000976,d936b3ca-f36a-4de7-bc2c-dc3822172df3
13900000977,2cb04e8b-7084-43b4-9e74-79c79d05a571
13900000978,15f547ea-9de2-47d0-aa26-9cdffc15e0e0
13900000979,3512fd46-5454-4e98-b1d3-5beb3624e4e4
13900000980,75e66694-bbc1-45c7-9b5f-40b6c6aeb92d
13900000981,f59f3649-89e8-4eab-8ef9-715d548ffff5
13900000982,38988615-a435-4324-8ba3-81752d736908
13900000983,04823f9b-b435-43ce-bb79-9b4949248173
13900000984,ecf975e6-fc56-4678-8339-2dbf35269025
13900000985,2a64a0d6-8242-4511-8f7a-f39d77b59498
13900000986,19ad6cf1-bd89-4eeb-a1fe-70f9b19544df
13900000987,58594d3b-0687-44c0-9acb-17948c35dd8e
13900000988,115ffa68-2a13-4955-a733-b03a9a70c9a3
13900000989,6be61590-2070-4cd2-bea9-47f28479a7f8
13900000990,7de75945-4a47-4413-8e56-736995c4f29f
13900000991,f06c75cf-56d4-44e8-a741-661c4d1647f2
13900000992,f962cc6c-f226-4e14-87ca-2e67362d35a2
13900000993,584e3c80-1408-451b-bbaa-faf65476e6bb
13900000994,8228fb2a-4740-4c5f-ade8-9372b39bf0c5
13900000995,0806b76c-99ac-411f-a878-92e068039c9a
13900000996,081d42f0-ffc8-4b10-8676-13e8f82f668a
13900000997,cf18ef9a-4120-4547-bd93-db8f164df595
13900000998,8c044c2f-5f7a-4f46-bd67-ed15cdba5a73
13900000999,32d5743f-2561-4dde-81c5-f1f9c53717b8
13900001000,ee27f625-7ed9-42ea-bdcd-b40a1b791c9b
13900001001,23e35637-753c-4e24-8292-64c1cb83ab94
13900001002,01a79257-cdf4-45a4-a688-963dda04ca69
13900001003,9a54f450-9ef1-433a-84a6-c50d2fc3cc7f
13900001004,f4eb132d-9c44-433a-899a-5ebc1be85135
13900001005,87612428-82da-4354-b3b7-309c4bca0ef5
13900001006,b77ba54a-6b37-40a4-bdf0-ff16b6f07a08
13900001007,51b22a03-dd6e-4cab-b0c1-f9583f49b50e
13900001008,b9319c82-a374-4997-8f0c-fbccfa790230
13900001009,3755c98c-30a0-40d0-8ac7-fb50ba30adb9
13900001010,f8f9ba1b-b031-4fb4-a420-338452c4168e
13900001011,14fd419c-b33c-4c71-9d21-4aad43db6682
13900001012,571ed306-989c-4cb7-8e8a-8fd10c1a25e3
13900001013,03143d85-4027-4bfd-ba46-3688fcfb4fac
13900001014,ad76448b-9a41-4903-ae0a-7fded752cf51
13900001015,739a31db-7c3b-4002-80c2-0f0ffe23a069
13900001016,b81352ca-960b-418a-b8e3-05d7d29a1f94
13900001017,57d031bf-d755-4e4b-9ec3-a779718d048c
13900001018,d420dd92-ba19-40b4-b705-abe495f08585
13900001019,829f823a-bc0a-4bb2-9d45-b466b6525152
13900001020,6cc1dd8e-1236-4e98-a0a8-06697e412110
13900001021,50cb0e88-3814-4d68-aee3-cf9ef1454a7d
13900001022,d647ccd4-305e-445b-b2d7-e7b7782f64f1
13900001023,0d9a96eb-9558-48bb-9418-35ae37e8af6c
13900001024,c13f63fa-a261-42ef-99b1-ec98029a1499
13900001025,77251b92-f621-4175-9b71-571178b8e8f7
13900001026,3f7f1ec2-5d51-4573-9c2a-9c6d9ba18fad
13900001027,4602a21d-55ce-4835-b390-33ae79c05682
13900001028,60dca61d-af30-4661-b069-372d5bb9fc4c
13900001029,f8819f13-3f55-4cb8-b9d4-d140568f3f86
13900001030,93694189-309e-41ba-b9aa-ef06325bb0aa
13900001031,83e9501c-4199-448b-b1e0-52b135055932
13900001032,4b448ca7-9223-42c7-bb7a-04b13a943a58
13900001033,567e3e19-7559-4dc3-ab34-b61b2dac8aa3
13900001034,cf8aa95f-e69e-4b74-a778-308d67119fcb
13900001035,6dc0288d-0604-4913-b7a2-83732d281652
13900001036,5faf0add-e8a7-4bdf-8707-40f27a9cff27
13900001037,ee1deb64-05ee-4f3a-988a-a8c7120db1d9
13900001038,8c9feb05-e10c-4b3f-a57f-7fa4034838ca
13900001039,0ab8b9f3-1354-4d40-8277-3096d0442169
13900001040,e87ccd27-813b-49f8-9cdd-94805efdfc84
13900001041,571346a2-9c5a-4481-a5b7-7ce46c1d6932
13900001042,33de2a35-9f0f-4b6e-9105-69c802d41415
13900001043,a980c553-708f-4f25-96ce-d5c7aa598df7
13900001044,6114fb1e-6191-4f35-8ecd-6ac270db6cde
13900001045,07714396-b924-47ea-86cd-dac386c8d45a
13900001046,565d333c-c309-40c0-ad5b-094a27cfa883
13900001047,5a622a9b-d9e6-425b-8673-089d771a2f2b
13900001048,f21a63ae-7ceb-4f6a-b4d3-ac8c37077b8a
13900001049,4b567add-355e-44c1-a27b-2e494a815e7f
13900001050,1091101e-0b5a-4cdc-b4fa-574ff5c3cd70
13900001051,989c3c7f-f6a5-4147-ad8b-a718a6fbd7eb
13900001052,14c8986e-ca9e-4b4a-a15b-6d98419cc10e
13900001053,7a786121-6fc2-4c35-a98f-12a0f5c23c47
13900001054,fec95f45-17a9-4077-92bc-5875ed40540b
13900001055,843e6ebb-ffa8-4019-8b2b-3a9ce9272f50
13900001056,e226c4af-eb03-427d-8c72-18780feadb36
13900001057,f12b6519-0431-4c38-aa80-09a216b41ca2
13900001058,e0ad2346-2d1f-4e32-967f-283a05ae22ea
13900001059,266ad2ca-3268-48b6-b13c-dc3c638949b0
13900001060,7e922ad9-fba6-4d88-88e9-d9ccec5c9f31
13900001061,f8271b74-fc29-40d8-bbcd-60c5b477b95a
13900001062,756018f9-8671-48cc-8cad-91c6ffe0d064
13900001063,d51e704c-21e7-4b1e-8cb4-d587d5879660
13900001064,a7f31928-fd33-418e-b597-224d66387ec8
13900001065,0a9ca7b6-a98a-4bd0-af95-ec3e1cf383cf
13900001066,ca6aa08c-e28a-44f4-839f-8fb984a3c018
13900001067,b0b334a3-e298-4f7c-94a8-192a04f03f53
13900001068,608fe23a-fcd5-42f0-91cd-fa1b5dff302a
13900001069,587eed84-b702-4eba-96ff-ed7d96ddb684
13900001070,53f23f8a-70bc-4c05-9c9e-897f0c31d2fe
13900001071,fc3dd1ef-65d3-4227-8e4a-3cf9d8adbb35
13900001072,b5f06097-1bca-4a19-9410-9b82e957cf46
13900001073,2bfe58f0-840e-4f40-8c0b-ae4c3cca39dd
13900001074,29b7b3c1-9076-40a0-a72c-33abde291b87
13900001075,77bdc350-8bed-4333-b546-16b4fd6f668e
13900001076,2f6f06b1-ccf1-4497-b447-1bbc8b05a982
13900001077,16e056b4-9c8f-458a-82fc-68f908f15b66
13900001078,f9ed8f4d-64f0-4af3-9322-df8cbbe83dcc
13900001079,089213bc-d852-4f66-8ddf-84d2a32d193c
13900001080,4fecc754-638b-4fe5-bc07-b1444a085908
13900001081,cc09b100-fb32-4346-8017-726432099be0
13900001082,1f2503fa-1edc-4a4d-a62c-6af7b6c416f1
13900001083,0e7ed7de-9517-4f7b-a324-51df5d4f2825
13900001084,548247e9-ee70-4b29-bb79-3d04dc31f284
13900001085,e71747ce-73db-48cc-b3e6-23084cb85c6e
13900001086,ad0817e0-b9c5-4b6c-92f0-83f1a25e3736
13900001087,57967360-3b9a-4585-8378-86075d70c96c
13900001088,dbc4b56a-7f5a-4ea7-8fd1-2e8f524c23c4
13900001089,023e89fd-89a9-4db6-b80d-ea9668830010
13900001090,e2dfca22-823f-4632-b475-e08f100c2992
13900001091,c91323bd-3acf-420c-b943-8df2624a7223
13900001092,0e4bf8f3-2e43-44c0-ad82-15bcf074e494
13900001093,64218563-9432-4f6e-9ca7-aecd1bbe3891
13900001094,65ffe36a-2e5b-4481-882c-582e79e6d2af
13900001095,537f6eb5-8f62-4b74-a98b-23d11c8e5868
13900001096,d49957be-9d77-47b6-b892-b54df2c20012
13900001097,382ab42f-5d08-4359-a7b3-3958227caa08
13900001098,3e2ce89f-af4a-48c4-8fdc-c9a08b3b7925
13900001099,5c378570-5c9c-4159-a330-c84df383d99a
13900001100,80c3f13b-fe87-4492-9f46-a9367c7c1f93
13900001101,f72529f8-805f-4b7d-a15b-4ec3e3d1886d
13900001102,0d9c7305-bdbe-469a-8f07-631805b2a1a4
13900001103,842b390f-98d8-4231-bbff-9d0809c9d365
13900001104,58d830f6-44ce-46c8-b278-75a78c3fb5da
13900001105,0e4d6ab8-56b5-4124-aad2-4abba07fc4a1
13900001106,978345b8-5770-44d9-8fa2-cc1be51b6295
13900001107,958367cd-e792-4b6d-a720-6bc5290fcc82
13900001108,615d8c3d-d7e5-483c-a636-1a1afa8bab36
13900001109,30e66b67-7803-4b4e-8859-c021ff1548cf
13900001110,225468bc-8350-49e7-ba65-eb2e2e616000
13900001111,3ce51733-d496-4c1e-9a51-b9a8085ee8d6
13900001112,69492afd-c05e-4ca7-a0b7-5459881a9fe5
13900001113,8e2e17cd-c2f2-425c-a922-65c798c3d460
13900001114,b3e7036b-4219-4bf9-968c-16edc33d2324
13900001115,638c932e-92e3-4043-8dcb-b96013c38f19
13900001116,2c03e9ac-0736-44b2-8eb6-fbe797c9907b
13900001117,286a14ee-1511-456f-a659-93302056d2a2
13900001118,989745de-e44b-4352-a53a-36fb28db58d9
13900001119,51a15476-4b4e-4d4d-82c2-c8a438d11d27
13900001120,2777526d-ca63-48f8-a498-cdc918769bb4
13900001121,21110908-3359-4201-ba05-89fa32a57d6b
13900001122,61e39d84-9c8d-4be8-bb27-fa97fc70652e
13900001123,bb47344d-4549-4e8f-8123-206b04994b29
13900001124,6600efd1-0264-4b59-b959-877447f48873
13900001125,f15677f5-2410-463f-8021-921d4b3eb344
13900001126,d17cfc56-34f6-4def-b6ef-69f3c56affba
13900001127,486babc1-e306-4da2-ae76-e319a5be939f
13900001128,46bd8d63-ed7d-4063-8881-fb78c7981992
13900001129,66430bdf-0129-4b9f-86d2-3728cdc471f4
13900001130,75e4d752-f100-4320-847b-cbc94d860cd0
13900001131,4b4e9ed9-f283-467f-a1fe-e5390fcdfffc
13900001132,f758431a-1683-4544-a209-ee85eda4542d
13900001133,86e747a6-0ae4-4b61-b32c-ed2314a0f30a
13900001134,9915555d-2983-4a2a-9852-75c60190937b
13900001135,8a1dcafb-03aa-4168-a2cb-dc6d05990b7a
13900001136,69f379ec-37f2-48d9-899c-1f5022ae9f7b
13900001137,9f5881e4-e2a1-4319-a547-23818b32180a
13900001138,248a0281-52cb-440a-a830-4dbd7828b614
13900001139,f29cbe5f-02f0-4735-b7b1-686fe49c5507
13900001140,0ed30b78-b8ec-413b-b445-23dffee59332
13900001141,c2847859-06ff-4117-abd1-271c56b3e3e7
13900001142,387eac0d-67e7-41df-aa72-db925e5c238b
13900001143,8aedf150-ab71-49ee-a156-6fea35abf99c
13900001144,dc10ebcb-778f-4d6d-af2a-1d07d677eff9
13900001145,ec04ced9-9d7d-48ce-9fd2-100645a9cea0
13900001146,9925f993-65a2-4def-9634-4ea903e5b16a
13900001147,7aba20cc-4f4f-4041-8414-eb22f990b9cd
13900001148,ba2af412-01b9-4bc5-80ee-2c79edd79458
13900001149,86be141e-269e-4946-ba14-2b55ee489a3c
13900001150,8b345796-3038-4f48-854b-98c078229e5e
13900001151,dbf96fc4-5176-48f5-8afc-bebc5dc9d27f
13900001152,9a8ee257-2339-4e50-b7bf-84219c1f7542
13900001153,7d9e33c6-5d88-4d76-8eca-ba27e51139c8
13900001154,96eec88e-eecc-4459-b469-3beab27686f2
13900001155,036720df-9823-4e61-9324-f0037ccfb684
13900001156,d88c2c5f-ed6b-443b-a037-0d10a5854b65
13900001157,09928cba-4e43-4dad-9cf9-166bbfdeedeb
13900001158,97c83a44-e9c8-484d-b0da-8aa6e8139989
13900001159,154e5dc6-c9d3-4ae9-bf7f-6e56d5de99fd
13900001160,1aa3e5fa-c086-4026-a3c0-1cebb3599eee
13900001161,0874ef42-22ca-45d8-ac29-b52ac2733307
13900001162,f9740090-082f-45db-a150-cf3f5a394bd3
13900001163,ef3d44f9-21f5-47fe-907a-417fe8f674a9
13900001164,fe9f7a2f-bcaa-46bd-bccd-a1c1b1b06441
13900001165,44f1052f-f769-4a13-ad68-abae46b407c8
13900001166,8a0f5d44-24c3-428c-8832-b22aee5e2ab2
13900001167,8782bbca-0a1c-4096-baa8-0e97c2df59d9
13900001168,951de08c-c606-47bb-8756-803a55cd6e2f
13900001169,ad4e80f9-9a40-4f4a-9a91-4fd194bc9e04
13900001170,b88c7ed2-e5dc-400b-8fb4-805574f6c286
13900001171,98539b74-0740-4288-8b7f-225f38c28d2a
13900001172,ad9daee8-962e-4cd6-89d5-7fea971e19bb
13900001173,c5023085-8178-4297-a803-d5039bd146fe
13900001174,f02873f9-4eef-4e88-aa7f-e800b833de45
13900001175,916b6660-e226-49c1-ae05-305392a6510d
13900001176,79a2a7ac-2672-49d1-ad1e-678ca37f92a4
13900001177,07ae0e1a-450c-4401-932c-6e8dee7c4d42
13900001178,e7dd0453-4b94-4ec1-883e-a49c1c921239
13900001179,c066a7b4-2b57-43db-9622-7898c35a3a0f
13900001180,6cdd8ca7-f8ac-42c3-af0a-a7d3faf97e96
13900001181,f3555215-4b35-40a1-8987-e97af9202f24
13900001182,c4d4aa53-32a6-4b6b-a844-fec0301e788d
13900001183,5a67bb8f-430f-40d6-be80-4eae2b0170e2
13900001184,4009e98c-748a-4299-a325-a24a766a8595
13900001185,31491420-e1fe-4cf9-83d3-3c2133924ec8
13900001186,11fdafb9-0744-452a-a498-1b6997fe5151
13900001187,527c681b-e134-424d-a178-a50357265d21
13900001188,38f4f5ec-9db0-4d13-8a96-9103177b6cd8
13900001189,6880344d-0d08-471d-8b8d-f80443784fd1
13900001190,1088d09d-b0a7-4e9e-8632-c759b699dd23
13900001191,f7877131-8fb2-4f1e-944a-18d860499ac2
13900001192,c0ff4f03-6a48-4f68-80a1-6c162a608136
13900001193,a147dc02-7d5f-464e-b94c-e59b9c243501
13900001194,234057d4-8367-4f16-8403-fab6ea7c26b1
13900001195,04415a50-32bf-44b3-95c9-3deda5df89e3
13900001196,f155bbfc-6515-4888-8a7e-2a46baa4e6dd
13900001197,7cc6b8f1-8590-4676-ad12-629c602e8681
13900001198,19892b7e-ffed-4051-b6ad-bc160a084dd4
13900001199,f50b9823-206f-44c3-8e01-e7689efee4b6
13900001200,8ce20013-f853-426b-8825-00d4753e763f
13900001201,19b50e49-8324-4a88-8b8b-e5b1e58c79dc
13900001202,3d8bd07a-8e61-434a-bde7-220f20eb792d
13900001203,2b0c5502-82dc-47fc-8681-96e18719c600
13900001204,4e2a78f2-e6f6-47ec-80c6-30914bbdb977
13900001205,667abe30-1452-4615-b704-74bfbb048d06
13900001206,6a9b8899-9e7d-419e-9bce-39e7896567fa
13900001207,e9cb67ec-d4b8-462e-86a6-1da1a870123c
13900001208,cc107b1f-b380-42a7-9687-55653f3b8b7e
13900001209,85403370-dd58-4ef8-90c4-d8168ee5d8b4
13900001210,d32a2682-bd00-4f0e-b9ff-d2065e09ba36
13900001211,4f2ec838-a63e-49df-9310-bcb50d9976fc
13900001212,ee68ce52-5ffa-4806-b362-b1913d483054
13900001213,b8a1d3e1-0c2b-492c-9c97-471353a90a4c
13900001214,0a7051a8-566b-4c16-a237-02e20820efb7
13900001215,252f809e-eba6-484e-b3f0-dd460860143b
13900001216,e91a33fe-26b6-44e7-8298-f200c9dbc56f
13900001217,7830e1a6-e720-4a41-abf2-595ec99ac9a5
13900001218,4d3cdfc5-c1a2-4087-b55f-36807beb7396
13900001219,ee53b67e-7daf-4243-bf4c-cef5c5de58a3
13900001220,723135e7-379e-4684-8780-92543d16e0c4
13900001221,5a24d418-f7f0-40a6-b9a0-1a554f606a47
13900001222,e741df07-5069-4eef-a8b5-a7642777c456
13900001223,cbcbef0f-0080-4015-a041-0ec29b2c643c
13900001224,8d33d148-8477-4483-8072-9fe65ccde511
13900001225,7d835e8e-6d3f-47f4-9d7d-7a829432b660
13900001226,79fd7b4b-0b97-4011-a04e-da1325e7128b
13900001227,9f132257-8e7e-43da-90c1-e9ab48437312
13900001228,c3167da7-0ceb-4307-a05c-730dfcdb97c6
13900001229,5e1ee5c7-439b-4f47-b11e-b098a663fe76
13900001230,24608ae7-31b5-4e2b-8d01-eade30cd2af7
13900001231,35368380-bbd9-452e-a7ed-547134ae5fef
13900001232,797fb606-398a-4020-b85f-0926cfb59176
13900001233,d371f50c-3ff0-45ba-aba7-b82941d3a9df
13900001234,023fc2d4-8ac4-4ab0-bb5c-f1e6863d001d
13900001235,691147f3-3268-49ca-88a7-77dc956946a7
13900001236,a925e357-5f87-4fc4-9925-ea9695f99d01
13900001237,17489102-6c54-4b99-8afd-df16209383f4
13900001238,bff893ca-0788-4330-b482-33e74d4f0368
13900001239,c5bf2541-6eaf-4729-81b9-8ea3f5d3faf4
13900001240,58299c00-b53b-4c0d-ba3d-7e39fea40db7
13900001241,9d20ee7d-a4ca-4bea-b296-1ebd1218e2b9
13900001242,1d4f3ad3-39cc-4ad7-aeb7-4b58d5ebdb02
13900001243,1c8b88cb-e63a-4473-ab8a-242f81aae9a2
13900001244,e76b1066-0114-4f12-9812-45693af1ba52
13900001245,ab81e792-4db2-4c29-98f7-7db4e3a5dbf2
13900001246,331a714b-7222-4950-a35d-2dbbe747720b
13900001247,9623af67-61b9-41fb-bd9b-913c59ad723e
13900001248,02a3de61-d295-4f7f-924e-3ceeccac5bee
13900001249,391051da-70ec-421a-be93-987bb77a49a7
13900001250,fd8ffc1b-1eba-47da-bc44-2ae93cb20e5e
13900001251,c73844fa-68a5-4053-aebf-c516a90a1dcd
13900001252,a8f7eef4-290e-44d1-bd40-7c9fb25ba025
13900001253,9c679c99-269a-45ab-90dd-d42cd3ead422
13900001254,ce946751-41ef-467e-b7c8-b75fdea1c2c5
13900001255,0f794f9d-f73a-473a-9f5c-ed459b51f278
13900001256,08a350e6-9746-4481-8ad3-dba73d7b3db9
13900001257,090855da-624c-4aef-837d-a0976483c5d9
13900001258,38943af3-c960-43a2-811b-93b76b6679f8
13900001259,76ee9647-859d-4ab1-b38a-393f968c6295
13900001260,62d107ba-83cd-45db-96d7-745ac092e8ca
13900001261,01f98186-c425-464e-9cb7-306bc8e1b3ab
13900001262,7b3bc10f-ac2d-439b-8c6c-ab91029addff
13900001263,f499a36c-3c9d-48be-9836-7cf6dddef740
13900001264,fc78166b-dd09-4776-8dd6-81978bf6b3c0
13900001265,be8bc23e-dfb2-49cc-a4e1-ab22a0f501c7
13900001266,25f27a37-ccef-4b2b-b13b-4a3e4f07814a
13900001267,669d90c7-da4d-48db-8456-6ae4e9cccad0
13900001268,dfaed4d5-3388-4fec-b756-2c5644cfed3c
13900001269,159e8254-a467-4bc1-980f-80bd8a84fae2
13900001270,87b908ee-f255-4117-b6ca-5c38221f776b
13900001271,bd0914ef-3e65-442f-a22d-5bf13dab5e67
13900001272,89d12ebd-a413-444a-b234-cb6561acd481
13900001273,82c2feed-078a-4b25-9216-51e1993a7e0b
13900001274,8f509941-3f98-4343-a5e4-a8aa24c2c644
13900001275,fc233a12-2aab-4c6a-aeac-6194fd7c2a5d
13900001276,b3ef4174-cb29-44ab-b8ff-83b4d1e554db
13900001277,28563d30-0ca4-494a-bce8-30f74ff7506c
13900001278,3deb89c0-f81d-43ef-afac-aaeac28ce8ec
13900001279,78bb5729-2c89-4608-b570-fb747d385bb3
13900001280,ab6e01be-271c-4fed-aba1-30fd9f99e9e7
13900001281,96aecd17-58a7-4eb2-8526-98967f358cc1
13900001282,185780b9-66c1-4f83-8c85-0af76c5474dc
13900001283,4aa05baa-5a46-430b-b0b4-0c07d38e0560
13900001284,f01aac06-c2d2-4147-82ae-6e3af22dc0ea
13900001285,9860ae60-2604-4e19-adeb-e55bf8b27314
13900001286,715dabc1-1e24-413e-8f36-2b8bb91c3244
13900001287,69ec2f0a-e7a2-4f93-a909-25f7e2d46b74
13900001288,6daa7931-be37-412d-a31b-31351280b16f
13900001289,3b3b8c24-3182-476a-ac22-fbe79a778d46
13900001290,d840aba7-5e84-415c-b9e4-3d5082832646
13900001291,59c96a62-2f98-44b4-a7c5-54677160921a
13900001292,e647e111-d8ef-4b20-b84f-79fe78a3a9bf
13900001293,7c2a5c76-9af3-4f35-ba53-b26161305b94
13900001294,e8d95855-63f1-4ec9-9a16-3c8d398623a7
13900001295,6235d6a1-60fa-4310-a3c5-af78ea1520ad
13900001296,b7da8a4d-e288-4663-aded-edc07d11aabb
13900001297,295b3104-49cc-4775-a3ed-e3be28a3346c
13900001298,10dea386-ae55-408c-a571-7a2d36d1509b
13900001299,04c49669-db8b-46e8-9ebd-15f210dc9488
13900001300,2363eaf6-7788-4250-a21c-377f5701b64f
13900001301,e1bf2c7d-4295-41b5-8488-8e5ca5e878e1
13900001302,488a0513-a768-4b5c-841b-6358413a27a3
13900001303,aab41d0a-0ff8-445d-803f-06cecdca26c2
13900001304,a749d0c1-5e7f-44da-a856-327080d1b641
13900001305,74f01503-46c4-45d1-92cb-a203b43fbda0
13900001306,1f1cac00-e881-4009-84d0-fbd84df1bd35
13900001307,49ccf6b2-2739-4862-87e5-6784ee2b5fb1
13900001308,7660cf0f-7959-480d-bf6e-24091f12768e
13900001309,363d9471-edee-45cc-9139-89cde161e345
13900001310,66ec7bb7-62a1-4f7a-b25a-4da361aecdb9
13900001311,304004ee-c93c-40f7-bfaa-cd6a53513ab9
13900001312,b52e7319-cec8-47c7-8210-f601f906d8e8
13900001313,58721159-155a-4775-8a87-cd1fa33cb0f2
13900001314,1655a49a-9ba0-4be8-9e88-4427789fd9f2
13900001315,e7b9b770-8ebe-4ca4-9da4-94a8d1c4aa8e
13900001316,c749f39f-e242-451a-94f4-b28a589e1ac7
13900001317,c0093ce1-e307-4706-91ea-21187d57c3cf
13900001318,4cce6ec2-70fb-4c6b-a2e0-8d92290615dd
13900001319,2992dc54-fbe4-46d1-9ca4-57b6f5fc299f
13900001320,1b728684-cc81-4b38-b4c5-70ff58b6324e
13900001321,3cdb8264-bf59-4b6b-a0ce-02503fe76dc3
13900001322,57552c22-379c-4eda-8c7d-3559d4d1ecac
13900001323,57b12572-cfe7-4820-a09a-0b3259e78ab9
13900001324,9ab92978-2130-47a4-9685-9d485cdbe361
13900001325,db6debbf-ae1a-411d-bc90-38f42408ad41
13900001326,caabdcaf-1ff0-472f-8871-0083763b0d32
13900001327,49cacc85-0807-4040-a22d-dd2005a36a62
13900001328,a1563b6a-672c-47fa-84ef-8a05e168c423
13900001329,983242ae-85d4-4d5e-ab23-6ad9b644fe30
13900001330,d9519868-f0e3-43b9-a474-4b07405b95d6
13900001331,4ef2f296-7f0b-472b-84f8-e999910a8799
13900001332,66ca9c13-e61a-4441-9be0-88d78a7f7ea7
13900001333,69621ff3-5249-41af-bd3d-2de8729ec200
13900001334,841ccdf6-e868-48f4-9904-463fddc19a74
13900001335,aa3316bd-ebe1-4c91-889b-2a0105d72051
13900001336,ae526165-15ec-444f-b248-d7f78ec37ee6
13900001337,252e672a-532d-4776-8e0b-4695401a3385
13900001338,0ce5b786-3dee-46b7-8408-d01c4182a89b
13900001339,b6cf9f4f-84c8-47df-a758-032c32633127
13900001340,20588de4-2c27-4569-8617-5dd6d92ba327
13900001341,2cc51e56-ed46-4ac9-b494-c4c2a37c9129
13900001342,356debc1-2c72-418c-9590-4d425feb0b78
13900001343,ee77272b-4b7b-406e-9fa3-e78cbed6738a
13900001344,c3a41446-7f8e-446c-adc6-723f8c08d2f8
13900001345,c8042cb9-3976-430b-8d33-16bf4192f6ed
13900001346,792cde06-0b93-4867-a96f-dcfcd8fc4e5f
13900001347,f31611c9-2e69-4daf-8baf-51c2f4ac3565
13900001348,2d6699ce-811f-4873-a6e7-95e093ae4a52
13900001349,a0fffdf0-7632-4a19-8b61-ac5913b6ce17
13900001350,a0b9a357-632e-44d8-a5d2-3f09c370722a
13900001351,96f04f39-6c9d-4855-997f-6f0e2977e12f
13900001352,5dd46ec7-7c40-46fb-a825-ae44d8f036b5
13900001353,aa64733c-16f6-4e1c-9bb5-ffd73d7ecd6a
13900001354,55d52133-3242-4cde-98d9-621ebf999d6b
13900001355,6b67621e-53af-4561-b9e1-59d8786d400b
13900001356,90b215af-f6ea-4610-af99-d17819f02f4b
13900001357,54656b59-b344-466f-8905-0a760782784b
13900001358,a82299eb-1b25-40d4-9be2-d22022a39640
13900001359,e3c1b7d1-8bf5-40b4-a8d2-e04a50def071
13900001360,88dc9a38-f395-416d-b468-4fd81426a46f
13900001361,027d6057-0782-4d96-9611-494e6526968c
13900001362,acf8d84a-3d86-4bd1-a344-5d6f35e04214
13900001363,d2e68ce9-3254-4d79-b6f4-cf946cdfa491
13900001364,2547c1d7-4ad2-4232-9236-6ab04acb0951
13900001365,371890e4-0fb6-4a8e-86c7-57aac0c6e2ff
13900001366,6d7c302c-3400-473b-9a3a-e9583d1ab0ba
13900001367,dab88b91-4149-45c9-8016-c7189008e58e
13900001368,546f09d1-cc99-41d3-836c-238e69c75221
13900001369,8ec6bf1a-d590-4f3c-9348-8dc477fd1a38
13900001370,7fd31719-afd7-42b5-bc69-53c101c3e340
13900001371,8291dff5-5331-4680-8e1c-c056110072d3
13900001372,86ca8f1c-e698-492b-a43f-b42816a099b3
13900001373,0c88f150-65a6-478b-a4b9-afca5f00e207
13900001374,93225206-d1c0-42e8-9a3e-ed295008792e
13900001375,f853285d-7b57-41a1-898e-6cc369eca4ca
13900001376,a34393b5-8412-4166-a169-6a24acb2d3bd
13900001377,a6dde328-b966-498e-9582-789a824405e4
13900001378,bc310383-672b-41d6-bc94-9f297802dd6f
13900001379,d3aa502c-5aca-4a9e-8214-ab27fb9947ef
13900001380,4b1edfc0-5e79-460e-a39b-5080bb199657
13900001381,f2ad20a7-111f-4be2-93ee-1967906e03d8
13900001382,df26d0cb-1594-4d9d-9886-85acde1ea4f9
13900001383,1743b3eb-ced3-4b8f-ae3f-98315338f9d0
13900001384,fec6bc95-ce76-4aff-9328-6ee0e7485239
13900001385,9eed2464-e355-48e5-8a68-45a65af5fe63
13900001386,59c68f3a-4f9c-46fc-b6d9-465fe55347f4
13900001387,3077bf6d-4026-4aab-a654-f3c761de4b85
13900001388,cac54714-28b7-4f99-b488-f789f22be39a
13900001389,fb125523-9e1c-4737-9a89-657ea3a6bacc
13900001390,e97d7da4-1e7c-48df-ad13-8c7c98b556f6
13900001391,fe5b20aa-1c79-49d8-9405-54a7b2746683
13900001392,d5223af2-9681-4f58-a9f4-199efd7fca01
13900001393,4dbe4265-5639-4660-8014-c38695688fe1
13900001394,5813882d-d4f3-4a91-9120-05d9fba84b52
13900001395,0610123e-d18f-49ac-a9e6-50e208cca1d1
13900001396,2558bf15-c22b-4971-8617-f013fba6e1e4
13900001397,a1c4f481-774f-46e0-95d9-83c89e52e410
13900001398,7aa8d290-2405-4984-8e0a-41e599cb8fa8
13900001399,94db34f9-d327-49fe-a674-d2b2b5fdb308
13900001400,b4261995-55c7-44ce-9314-920a284fea36
13900001401,2fd95476-9721-40db-9333-06073914d072
13900001402,1283c8cc-5851-419e-bb76-4776a02b7557
13900001403,349be598-d3be-4bd7-b05c-6a19db8711aa
13900001404,60258fb9-cf1c-4b11-b82c-f0d36fd90ac6
13900001405,2d0ca69c-1b7b-4692-861d-d750908ae66b
13900001406,0a82bd5c-84dd-43af-9dc9-bb4eb4252c36
13900001407,401588c7-3289-4a93-b8ca-4418f690360e
13900001408,8e8c0f1d-9e4b-4fb0-8b0e-c2dacfa1c699
13900001409,ae6a60d0-783c-44eb-874e-5575430f91e3
13900001410,199a9dd7-a164-4810-adbb-1ab6f1aabbc0
13900001411,1c74839f-0dd5-45f3-abd4-afaed125217c
13900001412,d3d387d5-5538-420b-b043-581b50d02a87
13900001413,9d176189-8ea1-4657-98f9-807fee1d79d4
13900001414,219a436e-49a0-4a38-a8ba-9f68bc3219ab
13900001415,f44b53c0-87e9-413f-9c8b-057f6e085c0b
13900001416,626cf6c0-1ab3-465d-8a18-0583c8b7d4e8
13900001417,d98f96ec-c230-48a6-9d16-26085adc17e4
13900001418,24b82bbf-da3a-4a07-8c06-e0d98f8312a8
13900001419,5acd859a-addc-454a-b7c0-564f8ca6ce8b
13900001420,8a295e2f-e923-4d1a-a183-00c7892d2373
13900001421,797e3559-7913-4867-95bd-4f928924a7e9
13900001422,084df14a-500b-4353-8730-b440c5f1e0e8
13900001423,312b30d3-4bb6-46f9-b47a-5b1cbc30d123
13900001424,cd0a6ed6-7c55-40af-94aa-d21de44a55e6
13900001425,0ddbc89c-3d7d-4669-859e-b174ecc13784
13900001426,e8bceeca-ae66-4371-a4be-17fc9e660610
13900001427,98bc3910-d2b5-45ac-afdb-5ff7221c4365
13900001428,df2bbf43-1ed8-4757-82d5-675b7b892d9c
13900001429,324d5476-ac1c-4688-a7d3-a046abaccef5
13900001430,bd97bf2d-247e-4ee5-ad0a-ad08d0a9d46e
13900001431,361811f4-2337-4d1e-bf18-a5b630c5804e
13900001432,cc2c5221-3836-458d-aeed-94104b433ae9
13900001433,7c9da972-0452-451a-937c-042e5eeba6b4
13900001434,efbf4f46-0d10-4fb7-bb2b-2999ac87c493
13900001435,6769faaa-1f42-4127-b5f5-4b51608f62f6
13900001436,8ed02c4a-7aac-45f2-8116-e3515d38a311
13900001437,4899199c-8938-40e0-955d-e7b88a56a1d7
13900001438,2ced86c6-7559-4f73-95be-e0c083aa4708
13900001439,32dc4a24-9dfb-4f0a-b964-09af399f34d3
13900001440,95a81f2b-5e30-4f6c-9467-e29c2998b823
13900001441,fcd40dad-458e-441a-9f64-62b4b8431ae3
13900001442,f32df33b-82bc-4086-885c-6d6a5b5b59ed
13900001443,1864e1e2-a222-4d9c-bd85-c0a124aea01e
13900001444,c60f03bb-0faa-4828-803c-f326252acc52
13900001445,30ba9105-454b-4730-9185-2e9b70d78a99
13900001446,7e0c1c28-bd3f-495c-b061-be2235bed200
13900001447,4807fc4a-58ec-473d-a826-b963a0f9006c
13900001448,2db64c6d-98ab-43e9-b52a-44def370e6c2
13900001449,1517819e-105c-46cf-b6e4-4c0879592bf5
13900001450,10f3c92d-1998-4225-88e4-ba90ed17c1aa
13900001451,1e141552-24a6-4124-8d21-173658f55fab
13900001452,8950fe05-cddf-4143-b7e7-fd5513afd674
13900001453,ff7807b7-1847-48d6-b2cb-6a1f4a409417
13900001454,88d98f86-a494-4639-b583-73748a918a75
13900001455,e354d27e-9285-4a92-963e-85ee18185892
13900001456,9dd8810c-ae3f-4d96-848a-d43485dc1e93
13900001457,0a7a5f90-99c9-4ba7-93b9-2a9352e0df28
13900001458,6f151fac-f0fe-4b70-bd33-a799d12bad6d
13900001459,de400e6f-50aa-4b5a-825c-e16910006811
13900001460,b54f250a-4b3b-4ff2-9c3c-d24d26695d6d
13900001461,6d2abe04-da9a-4b15-9909-9c1f1d41f24a
13900001462,f9754b80-2f98-4b23-ab7d-8a3e114bfccc
13900001463,c7d8a9dc-37e2-46f0-a3c7-d95fbd8898b6
13900001464,751915ac-afba-4c73-8d19-39aac87509a2
13900001465,6f34c412-5d62-4bd7-a6ee-97b359a93a88
13900001466,f76beca3-b388-4804-b038-4a5144dbdfdf
13900001467,a793a855-f9e6-43bd-bd26-a9694cfadc11
13900001468,a9a57799-579b-45e8-951e-ca3fd6cf9018
13900001469,d19e8119-cc07-42ca-9928-2629e14f0b06
13900001470,a74e9faa-b15e-424d-926f-332c406797ed
13900001471,8b6123ae-9a44-455b-a09a-69bdd1855294
13900001472,8d3c2438-d51e-4129-b673-a9124d055aaf
13900001473,dc3c38ef-4159-476f-873b-02036edc0323
13900001474,b266cb35-e300-4497-b4b6-03e8c48ef4a9
13900001475,a3193682-d523-4da3-bce5-d97359cc18bd
13900001476,83ed53ac-0747-48ee-86ca-3fcb3a29453e
13900001477,2ec57e3b-681c-45a7-bcd9-06cff5b14232
13900001478,7ab597f8-e373-4a4c-9287-e92a3d582042
13900001479,8dd6ad06-6721-4819-80d0-1fa2722f294a
13900001480,0dc4031c-3f41-4de1-b7f2-99f5e7516a84
13900001481,78addf35-0fa6-4b4f-b27e-8902ec4d26ca
13900001482,31d6ee5a-c24f-4b21-9cdc-ecee60476c61
13900001483,943b932d-6760-4912-9285-b4a487a35028
13900001484,60135762-46a4-4bc6-8e68-93f65b3d4b33
13900001485,89091395-5a8a-4fa4-a8b0-865ac8b5d78a
13900001486,5b19dcbe-bc55-4713-8a8f-ddb62be72c68
13900001487,92f743a7-a1f6-4856-9e89-194a86a68c22
13900001488,789a198a-be99-4b02-a5e0-3cbe567c9846
13900001489,6b65cf88-e068-4a1a-b633-fe14c4fbcd34
13900001490,a4c5aaac-9cf3-41c4-b4f7-dafe38ddcc93
13900001491,27781f12-f527-4271-b64e-02641169b678
13900001492,f8f1ede0-c8ad-4502-8619-634a859a7271
13900001493,a1a0f23b-936a-4593-a92d-ae69166deca4
13900001494,30e0bc28-f342-4c5c-94c7-7ee03d9db371
13900001495,73ec675d-2684-401d-814f-a9b88d8e0631
13900001496,5a9f86b0-4ca5-4465-9f47-92293f7c48af
13900001497,a9ebd93e-7b29-4c8d-a2a3-0de93c39c5c1
13900001498,47059a71-67ea-4904-8e92-c9a588dc2e37
13900001499,fa4630e5-f221-4818-88cf-5690dadaeda5
13900001500,3e25ef0d-ff29-47b8-8fb6-4d1c5e8a1de3
13900001501,680cff9e-e95e-4847-9696-7384a5b10570
13900001502,8caa4d7a-d092-45cc-a71d-58053bfcf8af
13900001503,f3cc5ad8-cfba-408c-879e-02a1bbe1aab7
13900001504,fc2e323f-8c7f-4d66-90fe-5259258c855f
13900001505,110ca61b-1250-4169-a078-abbf09097e89
13900001506,e5c177bd-c697-4e7f-9d54-d1582211a70e
13900001507,b4e4105d-9592-4b2f-80f1-62ff095ba15b
13900001508,741d6bbf-e2fe-4ffe-9486-ac64c2c7f6ea
13900001509,3bd9a5c0-d9f9-4333-a93a-6a6db55cda0f
13900001510,aab65007-1f95-48e4-8ae4-7de69fde89d8
13900001511,7e9a3b55-1098-4a8b-929c-b3bf7146fcc4
13900001512,abf03a1d-3d0c-467e-aef6-7ddbab8f2a63
13900001513,b92a048f-1369-4d3e-8925-a3db7bc6ba4a
13900001514,e6e10eb9-30e6-47f8-b7b3-6e3ccca9b04a
13900001515,9297edb8-8027-4427-90e9-cdf6abb0f390
13900001516,46182990-107a-469c-952d-0f2342ca78ca
13900001517,ea258b14-063c-4a8f-b8f3-42e780e7724a
13900001518,a8dd9613-827e-42f4-9084-929b35eb086d
13900001519,5c25cf37-6653-401d-8c55-170de6fb0a38
13900001520,0cbab682-5f83-46d3-889a-925071b8bdd2
13900001521,a7960b30-0da1-4507-afe4-7a8671cd29c0
13900001522,c0039b64-1b05-44c0-af91-84ec40e40897
13900001523,fc2e702d-9c06-4e01-a07e-e27fef5c0cda
13900001524,52ff4bc9-a898-490b-8edd-68aacba94a9f
13900001525,e0d0211b-3bf2-402d-9c11-c73a3a3dbba7
13900001526,cf0d4212-52db-4f1b-8b3b-7dd966cbd224
13900001527,1d3ad6cd-0305-4673-ba13-748f4d9eab8c
13900001528,16f9ea1e-45d7-426b-a930-4e9d6660e000
13900001529,3f41bcfb-9cb8-4c66-b104-622492b9842d
13900001530,02dfc5fe-0404-4c51-8be1-4cad2813391c
13900001531,46c870cc-ba3b-4e4f-bd61-ee3a078f403a
13900001532,bd035093-624c-4666-8481-605790e593d0
13900001533,f83ac005-ca50-4323-a8b7-308c7e4a00d9
13900001534,41923903-d600-46bd-b742-79d0025f5c7b
13900001535,ea252d5a-7b7e-4e55-a867-9d68bafc6ae3
13900001536,498b33d6-ff2d-439a-9da8-c25523f663fc
13900001537,f2380abd-63ff-493c-85b4-5306d15eaa25
13900001538,79e54768-9372-446d-9e2a-8141d8caf136
13900001539,873c2c62-1050-4ff2-b652-e1bbb0aa93f7
13900001540,f1bfb98f-35c1-4498-a345-e4a30b67e56a
13900001541,f352e749-3c10-42b5-ad35-a4f6f2e6f82d
13900001542,cd860b5f-8911-4d63-aa12-d4b4e254bc31
13900001543,21aa6d4e-519a-4a60-8880-87c63d2a9607
13900001544,3b51ab95-c81d-4df5-85ea-b5ffb723d0fd
13900001545,aacabdd6-8ba9-4df4-9e4c-8d6aa46270ec
13900001546,785b61c9-ab0d-47b6-bac7-844bc2988a49
13900001547,819e8a1e-72a2-4cd0-8b50-f0658a80e5a7
13900001548,c1f53bf8-15b1-4039-8c6b-be037de517fb
13900001549,2a6e918e-b097-4aed-8f45-eac327ddb57d
13900001550,09aa3e3a-5315-47c9-afd2-169bf4062bb3
13900001551,efd0494f-d81a-4564-8f27-4287b1f4bf46
13900001552,0cc30c86-fdd6-4a27-8b32-d9a6fe997f00
13900001553,75455f44-d725-47e2-add4-f3815dd120a3
13900001554,ae19949a-105b-463d-9083-7955bc2ab2db
13900001555,02b1d531-07fd-4a75-9dfc-3c7300046139
13900001556,47b12751-7e84-4d88-b232-0cb597b2a360
13900001557,bcef3449-79bc-45f9-bf6f-5bdc4ccd7428
13900001558,1b42e948-77fd-46d8-8b64-aa06466e1571
13900001559,7dd78573-3a5e-4fcf-9de6-26c8f532b2f8
13900001560,921b4260-6930-496c-9774-93158dbf2cb9
13900001561,fa5eefef-6b25-4052-b494-835826a1a245
13900001562,9820b722-b2b0-4a08-be94-357748ee205d
13900001563,0f570f1a-52c0-41b5-ac48-a2332bb65872
13900001564,8491a4a0-13e3-41d9-90c3-75e1edae4efa
13900001565,2a419ca4-0dca-42a9-8936-4713b5862d9d
13900001566,336ba08a-db6d-4277-b6d8-153d1026b5c1
13900001567,c369d142-6890-49af-81a3-8ebd8539822c
13900001568,61848ad5-70bb-46a4-a215-771a4fc3ae52
13900001569,3865482d-2e50-41bc-b6ad-4e945d29da04
13900001570,f1494f79-3265-4986-a4aa-1d5371376814
13900001571,ff65a588-b490-4d64-b277-b1d9634cf399
13900001572,7076112b-0c20-4142-b0b5-86d346d220f3
13900001573,96d36252-a1e6-44f6-8e29-7a42e89b6921
13900001574,e22030ac-beda-4210-b51f-ddece23cc12f
13900001575,9081c7bb-631c-4acc-80cd-78a180615eab
13900001576,19e5b791-d7cb-4e41-9d0d-7b791bbe761b
13900001577,19075821-8888-4a2c-aa4c-8aa01311c928
13900001578,1e45687a-f1bb-44d9-a37b-c0644b796162
13900001579,b5e2e0ce-c848-484d-b82c-81b1c1b2c566
13900001580,ee57adf0-0771-4045-9a4a-7e909abed403
13900001581,578fea87-decf-463e-8434-ceb45af32833
13900001582,421eca84-4b47-400a-9dee-8ee8fce862ea
13900001583,a48b96c1-785d-4aa0-9a08-fe68a590189e
13900001584,4c059592-bcef-4b5a-b1f0-a11e46e2ab44
13900001585,78bbe0cf-cdb6-4789-8b08-d726e6e219cf
13900001586,48760197-bcac-4b4a-b4f8-e6845b5759c8
13900001587,dba03637-da73-4936-8fac-f0de8e484b99
13900001588,68aa2477-0986-4771-b266-c6c16383e127
13900001589,acb0021b-ac7d-44e2-b5bf-e2845d325a3d
13900001590,2d4de0a4-8f3a-4a04-a830-580db186dcac
13900001591,49f0c189-26ac-4d14-a497-eeca55996b78
13900001592,62b5b2e2-6c2f-4929-ad74-0fc666b0daa2
13900001593,0ebce5d1-f67e-404b-a629-b41e9cfbb906
13900001594,2dfa3d85-2195-487a-8d72-224cdfddd1b9
13900001595,bd35f2a4-9fd2-40be-ac51-7d7f4a98abbe
13900001596,3de279ce-0d3a-43f7-a035-12541dea628b
13900001597,267d792c-267c-479b-b916-e162b97b8f04
13900001598,4d5cc4d9-2c53-48ed-9059-e421c88f6167
13900001599,9a4ad403-cfc5-4e35-895d-437358ddb315
13900001600,a01a1d5b-3d61-4988-a0a0-f21377f386a1
13900001601,12c45e03-3cbb-41f8-99c7-026b3a8dc908
13900001602,d69b16bf-3378-4ed7-a2e4-aa14b5958392
13900001603,7a86c42b-e0b0-4b47-b4a9-4890075c60fe
13900001604,3455eccd-4741-4835-ae7d-0a02d688585f
13900001605,e1b0fef3-3968-4e40-b9dd-7fbf0a0ec362
13900001606,a883e793-f332-49c9-a32c-11beecee118e
13900001607,83ece03a-9920-468a-b536-2f97e63e4070
13900001608,95f55014-10b5-4867-a3f3-3713ddd9d047
13900001609,d5df1973-d005-4415-8755-35130606d0f1
13900001610,5de3f300-3c86-4b32-91f6-f9f12a38e393
13900001611,34f6e524-6c19-45e5-a9c9-7624e6ea5676
13900001612,6073bd43-c78e-48c4-91c8-0042277c896d
13900001613,a6b5ad69-6789-433f-aab6-a9896f59c282
13900001614,d857d602-6744-44fd-af33-20e460f828f3
13900001615,6c7668f5-6a09-436a-97d5-95b0d8072173
13900001616,96bb670d-fcc6-4340-baab-7aab55b53dbc
13900001617,65ad8b65-cf1d-41c2-ac93-83694ab95327
13900001618,671ea448-5297-40da-9a62-bf748f50e1b6
13900001619,a9f2fb60-776b-4fe7-aa5d-f69fa455b920
13900001620,3b9032f4-3883-481e-bf5b-532515eecd23
13900001621,94e6bbd4-c2a9-44ae-bebc-41f0a763b607
13900001622,a0e4f67c-4a76-44bc-a6a7-851ba75e2787
13900001623,0d72857d-dbce-4b6c-b8b4-765c3e844d03
13900001624,b7df87c6-f816-42d6-a30a-189534df7ba7
13900001625,a8969e2f-5081-44f3-b712-41bc2b882405
13900001626,5ec84024-c944-4f92-b31e-206cf964e79d
13900001627,a5585319-8567-4af6-b32a-11089d84d61d
13900001628,5bd829ba-91fc-46e9-8937-5d72c0ecda68
13900001629,6f36410f-3f76-4546-8251-12b63c5dce2b
13900001630,4ee7bfce-78c3-4841-8983-60aea80ac86d
13900001631,7df9ea27-cafe-4e68-8c5f-e74985862e0d
13900001632,90bde2dc-270e-4173-ba68-8d4854405a06
13900001633,cf024187-fdf1-4baf-a25f-32a3d828d00d
13900001634,a98c2a95-9103-4eae-8a63-39c1069eba7f
13900001635,e6a9359a-df7a-4000-8fea-d454eeb48439
13900001636,e79aac7b-58a3-482d-9240-38837c10e816
13900001637,a7747369-ef17-4255-91ba-32528d0b34fe
13900001638,c3137cda-c738-4153-bc01-6ed6f0e69ad0
13900001639,d1bb298c-5a5f-4bac-bd03-93d5f6b1e4d6
13900001640,d6a07291-ba0f-4e0c-b1ce-dfc4933967b3
13900001641,faffd5e8-67ac-4601-8385-859649717741
13900001642,9080d6d3-50c7-4d93-81ad-d2f3c01fba57
13900001643,1d520da9-8e5f-4254-bf1d-9b54ab1f5477
13900001644,2161e1ff-ae2d-49c4-b381-95c261996acd
13900001645,73d613f9-09ee-4518-83b6-f905a259de64
13900001646,c6401603-7243-4d81-ab5a-663428eba0a1
13900001647,176f3533-f1e9-465c-ac1f-7e7f1c287316
13900001648,ce79b43b-d03c-414e-840c-496c53b6776e
13900001649,57500402-02b9-42f1-b9d8-81068284adb0
13900001650,f129957d-e4ff-40f8-85a0-7d3f87e9f698
13900001651,c587417f-a100-4cf1-963a-28c2bd876fde
13900001652,4caf6ee1-eeec-42f4-839b-119cc24a5932
13900001653,32823676-554c-4ee7-90d6-7eb6bd7128f8
13900001654,97b5955d-f89e-48d3-8b6c-056244a6a6eb
13900001655,b127fd29-95d4-4ba4-ad8e-fe4546681865
13900001656,67651fda-f1ee-4e59-9cc9-9e44a1b2d081
13900001657,62ff778e-14ca-42be-91ef-12d060ef86ec
13900001658,0385facd-f1ff-4718-9b49-043a4d17a3e7
13900001659,cfd36b1c-a543-4714-a21f-ba8497c1b000
13900001660,6534b406-3cdc-4d8a-a1d0-506769b034ea
13900001661,99416087-270a-4252-929d-dca058c09760
13900001662,18198f0f-f1ed-4ca8-bc13-02a4a2c4cb41
13900001663,f30a1d13-f26f-44c9-9058-b364d71c24ff
13900001664,b8efcfbe-6a70-489c-951b-da19ab4c4b0f
13900001665,95d31f8f-270c-46a5-a795-a040e97a7512
13900001666,5122d404-cd56-4b7c-a43e-29231b20c879
13900001667,e17f67b3-694d-459e-ad94-8260117f45fc
13900001668,0331ad84-a605-4d34-b5b8-480ef41628d3
13900001669,d3353bf9-4e38-4d2f-acc6-ace89a874077
13900001670,50eccae9-7cfa-448c-a2fe-12de3b0878bb
13900001671,faba50d8-2cd5-4787-8cdc-2953a63e7587
13900001672,7086e0fd-69ec-471e-b72e-67264f056f33
13900001673,d41ec519-b0f7-414f-9547-e1f03a5bba59
13900001674,accfb707-1072-494c-86aa-ca6108dfeb8b
13900001675,0d6636c2-7a07-4861-bbba-924e203c50dd
13900001676,b6d77300-a029-4698-aaf5-c1942db81303
13900001677,89d6042f-f87e-453e-8042-7269d9c6d45e
13900001678,87f6ca5c-9433-4530-9eac-db66baa5458d
13900001679,326cc048-6fa2-4fa2-a3c1-84b22fcdd6f0
13900001680,31d8cc00-038a-411b-a3ba-7d1672aa6e05
13900001681,5ae5aba3-2f2a-4fd9-8f84-542fafa39d8b
13900001682,5c19a4a7-ff0b-4c0b-b5af-15b73947666c
13900001683,b8ffa4ed-28e5-4774-9a56-0554ae391193
13900001684,ae698ecf-d70e-45f6-a46f-c73a229f6b45
13900001685,51fe9983-e572-4b51-8075-709022e011fe
13900001686,4dd01622-f771-4eb6-88ae-280cdbb500d6
13900001687,38401bf2-7c63-406f-b89a-fe535d615cb7
13900001688,77e64c33-2950-4109-ac73-8f91daf6d07e
13900001689,12370e55-5b9f-4330-825e-d01a15925ada
13900001690,9555cde2-0f5f-4424-81cf-8c6d76edb4b1
13900001691,01652a51-189d-4e94-bbf8-4b3a4adb5024
13900001692,74c74a2e-5ec0-4ef4-abc3-cb0cd8bd53ab
13900001693,0d2759a8-ac5c-448d-b755-4a7ca4fd3a6f
13900001694,19563f53-ce35-4582-bdfa-7dc17f86747b
13900001695,265a9d8f-be51-49d9-b570-43f85ed830ed
13900001696,a7b26703-da04-456f-b0ad-af86eeeb9c90
13900001697,4ddbc460-4dc0-4dd0-8c20-14221bb1da96
13900001698,ebbc129d-085b-4ba9-90b1-a205f4e4e427
13900001699,71ddc21c-15d2-4f34-99ce-6756ba6cae9f
13900001700,359dda9e-5da1-464b-8074-a81c2f1b4f79
13900001701,d1c24cc4-29d7-458e-b753-bbc434b05183
13900001702,3794e867-b952-436f-9bf9-ac77f7ffda7c
13900001703,d178133b-b883-4166-834f-0a3982bd074d
13900001704,18eeb240-e995-40c7-81ca-f7e36a255eb6
13900001705,cdffd748-a57e-4a1a-8fac-3516c37f55de
13900001706,bf46f0ac-8d01-4136-9f43-cf96086e1fb0
13900001707,8c698f8c-ed6b-4e13-b1ba-0567500f6f85
13900001708,e2963258-efb3-403e-89fd-beaf0f2e0280
13900001709,cf393338-801b-4809-adfd-18f53bb48698
13900001710,054c3656-927c-4b79-a48a-a6ef1af3b40f
13900001711,d9f661ac-0f16-4d59-abaf-1b366eb698ae
13900001712,1d9d86c5-db43-4748-9dc7-b156840585a4
13900001713,0164706a-ffc4-4e0a-b3eb-930a3877c8bc
13900001714,6ac7cc33-e796-4db9-b51a-cff1aa06e6fa
13900001715,0b2a1466-8272-4693-b572-035cfe886c97
13900001716,e6a3aa43-9df0-460d-8ddb-7330ac0771ff
13900001717,4ed9d7b5-0dc9-4219-a8d4-20549c257e4f
13900001718,62ea1bd6-e8fd-446b-b3f0-aae104cd1d93
13900001719,b650f3f2-9467-495c-863d-a381a59214d3
13900001720,e2ba1511-1ea6-404f-bf59-081f6cb060e1
13900001721,9bf20a0d-2c3e-420b-8cf5-16d92cbdc24d
13900001722,d41133ad-0719-4e65-9b82-14efcfc1b2e9
13900001723,2c0cea57-ba79-4361-b19f-2bbdcf5d6ee8
13900001724,ed0eadec-6578-4ee5-be81-a5784710b7ab
13900001725,74fe4ee4-8b14-481b-947f-bf922ffafc4e
13900001726,b1d98ad9-6549-4bfc-9e96-c0d9b26183fe
13900001727,7fcc78e0-239f-4525-bd09-b6ab782d4f4f
13900001728,995bd240-a87e-43b1-ad2e-e2c41acbca24
13900001729,dcf827e6-ff65-42f3-a034-410bfc51ee92
13900001730,1ef1a218-0b07-4e54-942c-7f3002d1b56a
13900001731,59634c87-084b-471b-8193-02d3c9654d90
13900001732,3dd844ad-d08f-48a9-81ca-1668f526b762
13900001733,7e43a927-babb-4590-bbbd-e436b90b3917
13900001734,ffadd31a-ad76-4e73-9968-ced80b4bf910
13900001735,caa3ead2-e6ce-4c63-988a-30745a1bee66
13900001736,32a51cee-7755-4373-a510-18fd3e24eb86
13900001737,dbde8055-23b7-4a60-849b-f9ece304a3d8
13900001738,42f3db58-800f-488a-aa1e-d5c5b0704d0b
13900001739,25790f6c-c364-4f98-9c73-5ff2f7c14f23
13900001740,491363c6-6a75-413f-84d9-8350a8889362
13900001741,73d910fa-1b34-4dd1-b6b7-5353d4a7d9ca
13900001742,a0473927-9215-4adb-97b0-003817b47429
13900001743,de39b936-797c-4994-b9d5-ebe7efe42097
13900001744,03014c5f-1680-4202-81e1-5a24479684ca
13900001745,cda5d9d8-fbb5-4eb0-99ac-8485ffdfdc03
13900001746,bdb2600a-460b-4306-ab0f-e0ea961d3a5a
13900001747,c39996d7-983b-4b9c-b5d9-c2f7d43dc7de
13900001748,42d4145b-8fba-434c-bc21-b0b2061e7272
13900001749,06f8883b-a318-4f19-a2c4-f50b04d7ba29
13900001750,a36fe375-653b-456b-85d7-418707e94cd5
13900001751,8f49838c-3c04-4c35-9634-7847685e905d
13900001752,144ad16f-7f6c-4d33-89e5-dbdee64841c8
13900001753,b7f3d91a-81d1-4b06-9398-6bb71988185a
13900001754,97958140-365a-438e-9e27-9ec43023937d
13900001755,df8333fa-3167-4ba4-8662-531afa6372bb
13900001756,47591d2a-99df-4156-b479-8cb96d788338
13900001757,291fa79a-c02e-485a-8ab1-a2a86d4df1e4
13900001758,b5425413-f16f-4575-9804-78e28ec8fa7d
13900001759,9d4fe152-c5a5-4d2f-96cc-84c32bb6ef22
13900001760,14cae505-f8ce-4c21-b9a0-908ae13cd6d3
13900001761,f4541580-a765-451b-bd3f-2eb50e88a977
13900001762,dd80a6e6-6867-4070-b746-992425223ae2
13900001763,6bc7650e-aa6d-40f3-8725-3a5cc4f2f3c5
13900001764,2a1a0f48-c1c6-4f28-b3e9-a31ad26a0ba8
13900001765,003ca66a-3999-470f-bc3a-508af17b2b65
13900001766,d7c62f22-d4dc-4838-a210-bc098a48c90b
13900001767,de2bca52-09f9-4ff9-a0d0-40dcb6654ad7
13900001768,4e970292-14c5-45b9-b925-645eae91d290
13900001769,8a08b176-5192-406a-8630-0f08809a3d63
13900001770,0dd024c5-3da2-4b62-88dc-5e798717918d
13900001771,1d349d5b-add8-4100-9e55-a19ce971b5ef
13900001772,23fb3af6-956e-414b-adc4-c0cd431d0ad6
13900001773,e2f3eb56-9095-4b94-9ff2-02e51b0b1a2b
13900001774,1ed2dfbb-ae5d-48cc-bc23-07b2468fb5be
13900001775,d0d46763-4e66-4aac-bc50-24a282f7dbd0
13900001776,a2dcc15b-197a-49f8-8dd4-0b010325b775
13900001777,00dd7914-05e8-4a4c-8ced-268d30d7d7ef
13900001778,26ebb67e-370b-4f9d-b6b2-d1ad9d8ca486
13900001779,60a0de27-27ff-4e12-ab4a-b0c52aef6b80
13900001780,f64266cf-2efd-42cd-a6f4-2f778a6f7c80
13900001781,06005458-78a1-499b-ab0f-7b92649ecac9
13900001782,f98c7164-b2f7-47f4-887f-a885cc2ded03
13900001783,1cc2ee28-201b-48da-9319-c88dd8101107
13900001784,34e98dc9-2c2c-40f0-900e-981366747c78
13900001785,b1ffe330-037e-4994-af59-17138eb23d08
13900001786,0264903b-9d1c-4784-9736-50709227dbbc
13900001787,8d83c664-25bc-4c86-a8fc-d5acc2ee3146
13900001788,24582ab8-21cd-4344-a3bc-61732fa16839
13900001789,abf03a6b-8b31-4d02-af50-d8f95b8621d8
13900001790,54e617c5-99e3-437f-8dd9-89d185593796
13900001791,2d9c0c9b-f030-49dd-bfd5-4e22115f7de2
13900001792,e9873093-8989-4c9d-b27b-4cc3532a1924
13900001793,5db87927-48e9-4f56-a9bd-f12b4652be06
13900001794,a59a0a8d-127c-40f1-97ea-a50c250b7ae7
13900001795,afdf23bd-de9d-4c19-95e9-39215d83b047
13900001796,f0c29fb5-2ec6-4666-9193-90aa7b5c0b36
13900001797,d6bfa997-e97f-4bf6-ac4e-0178e6cb0493
13900001798,2ad1f04e-31c2-477d-8420-9bcefcb65f21
13900001799,4210c5bc-7df9-42ba-a6b0-1eb901430bb6
13900001800,3a137fb6-ecb4-4afb-8f05-f9524b33ba19
13900001801,d10b3017-a8cb-4830-9145-e1a338eed39a
13900001802,2d6a87fa-57ad-4ec3-94fa-81ff5f02afb4
13900001803,fd93e678-599c-4eff-b6ce-026468de6c89
13900001804,f1818997-e52e-4825-9c23-8056f8ddfd3a
13900001805,f559dd0f-0ec2-405d-816f-7ed94d3cc8ed
13900001806,3a66e704-2771-4d98-a81b-730fcd6775a7
13900001807,8b2b8bab-e674-4ada-a1eb-dcef98613c86
13900001808,b90d923d-3e2d-4a29-be4a-36bff03f4ccd
13900001809,397d7ee4-feef-4dc5-ab76-6c216aa6a877
13900001810,bfc8af18-4517-4f1f-829f-557648108a22
13900001811,b6efec93-f273-4063-b0d1-1a1d9a6b50ba
13900001812,c5a02f0a-f702-44b1-b52e-3a2f6ebd9c89
13900001813,c2fd0dc8-5070-4ed6-a2d1-99f1ee5da0bf
13900001814,ebc3c32c-a2cd-4df2-b59f-7ea75531451b
13900001815,2c15a4a1-07cf-4f54-b1b1-3f913f818d43
13900001816,c176199f-a0de-4350-a381-a08144bfb5c7
13900001817,e28d248a-651d-441c-83b8-2a6695893695
13900001818,948f253b-42f3-4940-a2a2-903aa1c37188
13900001819,8f395b88-ee12-41d4-a77d-3b4c312bdbcd
13900001820,54295360-4f75-44f6-8325-054e5c5b7e59
13900001821,ae3fc0e3-318d-444d-bcc9-5b7d62eac3fa
13900001822,6697d2f4-6aaf-47f6-9af6-d56a7f2f8566
13900001823,80fe8fbe-6368-4d07-a819-0551d7fa470e
13900001824,46fbec58-785d-4f89-8744-dae188cfdf18
13900001825,44d15d74-4741-409b-92d3-f4e82f5a4884
13900001826,d72e8a78-fc4d-481d-a3ba-4e55886658a1
13900001827,fa897e75-bc98-4580-a303-d26548255f50
13900001828,9bdaa733-e122-4a5a-8cac-495f4ddf309f
13900001829,1f6496e0-8f42-4464-8cb3-72f8ec130b1e
13900001830,d04fc9eb-b9e3-4232-a1a6-00b29898bb1c
13900001831,fc1c9256-bb84-4fe3-83ef-fbd52c499de7
13900001832,7c08cb7c-e6d2-4bc1-a67e-8fe6279eb372
13900001833,2b6d810d-7f80-40e3-971a-da7bef495d73
13900001834,b339e118-445e-4fce-a894-50edf93307ef
13900001835,f0d112d3-a8c7-4ef9-b220-23c0776f1833
13900001836,b9c24440-2a48-4a24-9b0f-59e46aa50551
13900001837,41616b00-757a-49f3-a4c2-5a7ece403a82
13900001838,703c7143-2e7b-406d-bed3-d6d4e188177d
13900001839,10b30896-863b-4b79-ab04-38d00e1a4f0b
13900001840,164d3eb2-50e0-43f9-b09d-b0d2d8dac1d1
13900001841,7da23ba3-8f62-4509-b151-ce82bf0e4903
13900001842,16e58fe4-d243-4ae6-9f74-6f965491c310
13900001843,35a3ec39-c17a-4c09-b0a3-4ae5362222bc
13900001844,dbb152ef-5c46-4b73-a5e8-cf26ba758925
13900001845,c820b77d-0e4c-4961-a0a7-ec6a13efd372
13900001846,dd96d659-6c18-4b75-be18-a684e8e77710
13900001847,66d6d5a3-db2c-43d5-a4ae-a0e0ffd9eeac
13900001848,2876b26f-4dc2-4eb9-8b83-5746b22b235b
13900001849,3912d968-c5df-4616-959c-d8b437f7c978
13900001850,89102490-cb61-495a-b7db-742ebd360ad8
13900001851,086bcc4f-8ec7-4123-8c6c-52462146bf72
13900001852,cfe8f5a8-f223-4aa0-bffb-b73c16212f01
13900001853,d8734b7b-6809-43cc-9bff-d8d5536771fc
13900001854,a29c27d8-57cd-40c4-8a58-b5880280bd84
13900001855,f3308d06-eb2c-4093-8af0-722b6525840e
13900001856,5b89d176-5101-4960-8dec-969c3a2317cb
13900001857,8ba30616-3f17-4459-8302-30bd06b40b15
13900001858,e6539166-f2ed-43b1-a560-cfbfa1fae9c5
13900001859,b41634e7-c79f-40a8-85f7-7cdb6be359d3
13900001860,0f917c24-3c53-4c3e-920c-b32513c6d98a
13900001861,81a5c84c-dbe8-4b8e-b764-150f8f3800e9
13900001862,8ea31c79-d6a1-4c99-9e20-096227b89eca
13900001863,66ce22b4-586d-41dd-a098-bca0b1c9c471
13900001864,c8664c59-f334-4474-b536-b5455a12cf70
13900001865,432cd8e8-c38f-4c2d-94b0-89679136789c
13900001866,f808f92a-e5a3-457b-894e-e25852ce3a0c
13900001867,705f3065-9d94-4557-b7b8-4882fbd0b8c5
13900001868,8fd67ce0-4de9-45d2-86ee-4616ca69c724
13900001869,66485a13-0e3d-416a-a413-96fd56310c6a
13900001870,6815b563-45c4-4612-8688-b94f019b770c
13900001871,b6703f48-5a5b-4f3d-b9cb-077759625008
13900001872,a76aab77-9c1b-408c-a5c6-df9293d5939a
13900001873,7c8102bd-a672-408a-8f1a-2be9e95d837f
13900001874,1cee1152-948d-458b-ad45-6ce0bc34dc61
13900001875,3b24631d-88d1-4820-9ccd-b712339d149e
13900001876,ec82d6b8-bf72-4dc2-a9c6-be9e6c67f43f
13900001877,e0241f57-955d-499f-9019-d47afdcc4af0
13900001878,5ecdf9fb-352d-42b0-8f59-fc8666a0b6b4
13900001879,be773608-61d4-480f-a976-9e0967133a18
13900001880,0b293efc-ac27-4f0f-9abd-157b40f12d4e
13900001881,898afd41-04d7-4f1c-a785-a8042444d7a6
13900001882,9df66a22-68b0-4b12-86f9-b3e7717f4b74
13900001883,c9f80966-28cb-453d-b4cb-376318d0ccfb
13900001884,91edfa79-9a73-474e-9747-04d3f4d36b51
13900001885,2a8a69ca-007f-4151-8eef-e49130f61a2a
13900001886,4e928d96-6a29-436c-9656-3f03ee291f73
13900001887,acc4eb15-d0be-4ea2-980e-ec649b65dc92
13900001888,15de9aec-3df6-4aad-8594-2c2fbf6114d9
13900001889,fc09ef6c-3856-4ea1-b6a3-34003710a81a
13900001890,bc049f60-043f-4e9d-a82e-7179fa8f4ea0
13900001891,0897af77-5ecf-48c5-99fd-6c83873893c1
13900001892,951655c4-e3d0-4b7b-951a-bdb282c8c9e0
13900001893,0c111731-e480-42a7-833c-385492de5198
13900001894,c157f5cd-4283-4111-a639-3a95f1cdacff
13900001895,4066d312-016c-47e2-abb8-46fe0c1f75db
13900001896,4270e558-547e-4db9-9744-8187d37f7af3
13900001897,c787d2e4-946c-4cbd-a8f7-83d72f2e82dd
13900001898,c44958ad-3218-4bd2-9dd5-d014d8dd81f5
13900001899,00304032-a246-4ce4-855a-dd2ac5f5fe43
13900001900,906218cf-5a6c-457e-b2b0-e058301104a1
13900001901,5d842d70-227f-4519-a652-61c7d5eec83d
13900001902,30cf084b-dea7-401c-b8d9-5a6bf571d897
13900001903,b6a5ad91-a758-4c21-b8ae-17732a9971fa
13900001904,34983a5a-de1c-493b-bd24-9c70c293b54f
13900001905,a511d235-9eef-4b5e-b1b7-ac60ded035c3
13900001906,c53393d9-a645-401b-915b-145b952146d5
13900001907,d9405d3e-54ef-4288-99c8-62e87a4dea46
13900001908,ed8de001-ddad-4f57-99b5-7d3eaa920b4b
13900001909,0b28a5ae-a5a4-43a1-ae62-d22a56231f4a
13900001910,9a9a6059-2047-4d89-bea3-f13bc867e17d
13900001911,5d1b537d-8d24-4145-94f8-cc7d35f32add
13900001912,b556a13a-ad9e-49d1-80d2-30523d9f4bbe
13900001913,5cbeac8e-4647-4f3b-9ab0-6c2f1789932f
13900001914,4ee80393-62fa-4fe7-b3b8-325a7d1cb9e9
13900001915,43219de4-d98c-47c1-afd5-78d4e256e45f
13900001916,7585737c-d4b0-4fb6-b582-3e1d0988ddc4
13900001917,7f273780-08f0-4db0-baa9-40378405546d
13900001918,fcd02dfa-adba-4555-9be6-feaf414df2c8
13900001919,43904090-e286-402f-95b7-7c5301a46b62
13900001920,69ccd8e8-f9a0-476b-a621-dfb1ff89ce85
13900001921,2fdd29b4-b910-4350-8a21-bde2f13b0035
13900001922,40a54602-960a-4e1a-b44a-ba72f7dda513
13900001923,273050e7-66e8-40a1-a2c6-d0a718e2f83c
13900001924,91016af2-00c6-4c4b-92e2-28a59b61518f
13900001925,53351bb9-0aae-4009-a66d-07e3b150b9a4
13900001926,f2957645-62dd-4067-9277-ebdaddb7fa5b
13900001927,32e418ce-01ef-43a6-8252-d9d9eef56f20
13900001928,8860591e-4bd3-4462-a5b6-a536cf908790
13900001929,47d3fcfd-d3ef-44d3-9ff1-ba2e9091f0d5
13900001930,e1d2917c-94cd-4db4-8221-eca225cc90e3
13900001931,534a7d66-d8a0-4dfc-aa67-7c7cb75ee62a
13900001932,9b18fa60-d72e-4644-aba2-33c492c72d14
13900001933,2e124933-9bc2-4662-8c07-c372508314e5
13900001934,1197c997-5ee6-4b66-adca-8b3c4b39ad51
13900001935,9c688dea-7bf3-436a-83bc-7ce5196e494e
13900001936,5adbe6f0-8133-4e12-993f-fe2fa6e87714
13900001937,e5c48096-abe4-4905-aad5-d9238db7d259
13900001938,485bb72b-8919-4ffd-bb38-eceaec0645c0
13900001939,72b1f263-6737-4e96-a06a-32d2980fa897
13900001940,a6f51d2a-f7d7-45c2-b841-eae9d0f409d9
13900001941,9a6436a8-bbde-4620-8010-9a6b61f89ffe
13900001942,a6cd134a-8d4c-433d-a205-a570fac44d78
13900001943,864e664e-b1ef-48ed-b601-2ca236f61299
13900001944,a9421256-6188-49c5-8381-69889eaca3b2
13900001945,11d3e24d-56d9-4a2c-a291-684367297bcf
13900001946,51443dba-75a3-455f-8bbc-b99ab8403d65
13900001947,2c044bd3-93d1-4dab-ac08-565a4031d7fd
13900001948,f6097b90-0548-4ea3-9d6a-d393fb44a450
13900001949,f580b247-d488-4d55-b9ad-cfcb87c28360
13900001950,64434b92-c335-438d-84b7-e0d1bd840659
13900001951,965c67f8-f867-4f95-977d-d6df89fbd858
13900001952,3f50a678-aa1b-4166-aa90-54bd7463e2e1
13900001953,d44b4ec8-e9ec-488c-ac46-6ad2e6bb41ca
13900001954,dc45c015-5f91-4090-9bfa-e425f4e320b0
13900001955,59e48387-cb2c-45a7-9b0d-39ba9b5b2028
13900001956,f326af02-ae20-4995-ac83-9cdfbe71f46b
13900001957,264c7d5b-0fe9-4bb0-a629-f27bbb613d18
13900001958,f48561f8-f58c-4b9f-a726-b49ad468e0fe
13900001959,ecabc43f-0231-42a3-a8ae-67ae73288190
13900001960,d37722c3-6251-4e09-8167-7511bb5a94d2
13900001961,0feff019-de85-4d1a-8a94-508b04abb7ab
13900001962,a654a0c6-7d91-4c70-95d7-6325d0881095
13900001963,ea164b5a-5b3a-41ca-b3f9-ca378456580c
13900001964,274a29a0-ac8c-4f79-85df-806eb4a8d15a
13900001965,aeb4d313-3f36-4d0d-84ff-5e8e16f7de2b
13900001966,21a5bad3-2432-4799-b9e7-0cfa12e49e83
13900001967,85e46990-f9e6-422e-a5a9-4bfdb87dabce
13900001968,4f787ed9-1fb1-4c5e-8774-6e0e9def6778
13900001969,fbf2d179-de1e-4211-b92a-1bb57177e113
13900001970,40564f9e-4a1a-4062-8feb-8842a5646e97
13900001971,2e094c75-7b7d-4f06-841c-e74943a2e8f0
13900001972,329c37cf-86e5-4c47-88df-e27adce34dbc
13900001973,b8ae9fec-1090-4342-ad84-878aa076786d
13900001974,b17d53d3-8efe-45a1-9a7e-bab59cbbee11
13900001975,66c1ba08-3c73-412c-8649-5fe1b46d07e5
13900001976,0a71aa4d-6974-4c15-9a3d-5b619ea39f1f
13900001977,f5534d9d-12e4-4ee3-90ca-47fda7ddb3f9
13900001978,75598dbc-e05b-4d92-bd6e-2cc12415acad
13900001979,f115027d-2312-465a-a503-6e737c4bd755
13900001980,03659569-2cb2-4f43-ae14-404dd937d2e5
13900001981,25bcc0e9-0a94-462d-a850-4182e642eb70
13900001982,12ccd45a-bcf7-4e03-88c4-63cea7084028
13900001983,f31f1fe8-a743-48c2-815d-598128f493c7
13900001984,c5fd0c59-5f3a-4a91-83f3-d44d2ebf312b
13900001985,b89cc47e-f3aa-48db-9ea9-db4f8b6040e3
13900001986,549eafe5-53c3-42b5-9145-f4c3ec2d8d3b
13900001987,20772b95-a17e-4080-a0f8-7999cea8a1f7
13900001988,8b028861-611b-4693-8ecd-3cffb03caa7c
13900001989,5a82242c-a121-4c49-9601-24e175ca677b
13900001990,300b9f0f-4db9-45d6-bf56-d928734ec3ba
13900001991,196f081e-59fd-41f6-bf6d-83061de4840e
13900001992,8cc1fb5a-3ccd-4d13-bd81-526b284e99cf
13900001993,33d62358-6e56-4841-9ef6-42a580c918ce
13900001994,da60091d-9824-4b7e-a237-952a1aafd89f
13900001995,7c1712f4-cddb-48ee-aec9-c19437921d46
13900001996,847c4cea-1603-4f67-a047-8c09756aa599
13900001997,91f3939d-f42d-407a-9d49-f46d2c29654e
13900001998,3a63e3b7-e10a-4d0e-8e27-37f73f20440c
13900001999,171b66f4-2862-4645-b2ab-5a0aa392f7d5
13900002000,36edd88f-2ea7-4249-8472-e24d09929ae0
